Command line invocation:
    /Applications/Xcode_16.4.app/Contents/Developer/usr/bin/xcodebuild archive -workspace ./DeviceMaintenance.xcworkspace -scheme DeviceMaintenance -configuration Release -destination generic/platform=iOS -archivePath /Users/runner/work/Device_Maintenance/Device_Maintenance/build.xcarchive

ComputePackagePrebuildTargetDependencyGraph

Prepare packages

CreateBuildRequest

SendProjectDescription

CreateBuildOperation

ComputeTargetDependencyGraph
note: Building targets in dependency order
note: Target dependency graph (6 targets)
    Target 'DeviceMaintenance' in project 'DeviceMaintenance'
        ➜ Implicit dependency on target 'Pods-DeviceMaintenance' in project 'Pods' via file 'Pods_DeviceMaintenance.framework' in build phase 'Link Binary'
        ➜ Implicit dependency on target 'SubscriptionKit' in project 'Pods' via options '-framework SubscriptionKit' in build setting 'OTHER_LDFLAGS'
    Target 'Pods-DeviceMaintenance' in project 'Pods'
        ➜ Explicit dependency on target 'SubscriptionKit' in project 'Pods'
        ➜ Explicit dependency on target 'UMAPM' in project 'Pods'
        ➜ Explicit dependency on target 'UMCommon' in project 'Pods'
        ➜ Explicit dependency on target 'UMDevice' in project 'Pods'
    Target 'SubscriptionKit' in project 'Pods'
        ➜ Explicit dependency on target 'UMAPM' in project 'Pods'
        ➜ Explicit dependency on target 'UMCommon' in project 'Pods'
        ➜ Explicit dependency on target 'UMDevice' in project 'Pods'
    Target 'UMAPM' in project 'Pods'
        ➜ Explicit dependency on target 'UMCommon' in project 'Pods'
    Target 'UMCommon' in project 'Pods'
        ➜ Explicit dependency on target 'UMDevice' in project 'Pods'
    Target 'UMDevice' in project 'Pods' (no dependencies)

GatherProvisioningInputs

CreateBuildDescription

ExecuteExternalTool /Applications/Xcode_16.4.app/Contents/Developer/Toolchains/XcodeDefault.xctoolchain/usr/bin/clang -v -E -dM -arch arm64 -isysroot /Applications/Xcode_16.4.app/Contents/Developer/Platforms/iPhoneOS.platform/Developer/SDKs/iPhoneOS18.5.sdk -x c -c /dev/null

ExecuteExternalTool /Applications/Xcode_16.4.app/Contents/Developer/Toolchains/XcodeDefault.xctoolchain/usr/bin/clang -v -E -dM -isysroot /Applications/Xcode_16.4.app/Contents/Developer/Platforms/iPhoneOS.platform/Developer/SDKs/iPhoneOS18.5.sdk -x c -c /dev/null

ExecuteExternalTool /Applications/Xcode_16.4.app/Contents/Developer/Toolchains/XcodeDefault.xctoolchain/usr/bin/clang -v -E -dM -arch arm64 -isysroot /Applications/Xcode_16.4.app/Contents/Developer/Platforms/iPhoneOS.platform/Developer/SDKs/iPhoneOS18.5.sdk -x objective-c -c /dev/null

ExecuteExternalTool /Applications/Xcode_16.4.app/Contents/Developer/usr/bin/actool --print-asset-tag-combinations --output-format xml1 /Users/runner/work/Device_Maintenance/Device_Maintenance/DeviceMaintenance/Resources/Assets.xcassets

ExecuteExternalTool /Applications/Xcode_16.4.app/Contents/Developer/Toolchains/XcodeDefault.xctoolchain/usr/bin/swiftc --version

ExecuteExternalTool /Applications/Xcode_16.4.app/Contents/Developer/Toolchains/XcodeDefault.xctoolchain/usr/bin/libtool -V

ExecuteExternalTool /Applications/Xcode_16.4.app/Contents/Developer/usr/bin/actool --version --output-format xml1

ExecuteExternalTool /Applications/Xcode_16.4.app/Contents/Developer/Toolchains/XcodeDefault.xctoolchain/usr/bin/ld -version_details

Build description signature: 30f989bed62123aa211ab598cb87d1a4
Build description path: /Users/runner/Library/Developer/Xcode/DerivedData/DeviceMaintenance-flyuwdobxekbtzdsqajzqyikscoo/Build/Intermediates.noindex/ArchiveIntermediates/DeviceMaintenance/IntermediateBuildFilesPath/XCBuildData/30f989bed62123aa211ab598cb87d1a4.xcbuilddata
CreateBuildDirectory /Users/runner/Library/Developer/Xcode/DerivedData/DeviceMaintenance-flyuwdobxekbtzdsqajzqyikscoo/Build/Intermediates.noindex/ArchiveIntermediates/DeviceMaintenance/IntermediateBuildFilesPath
    cd /Users/runner/work/Device_Maintenance/Device_Maintenance
    builtin-create-build-directory /Users/runner/Library/Developer/Xcode/DerivedData/DeviceMaintenance-flyuwdobxekbtzdsqajzqyikscoo/Build/Intermediates.noindex/ArchiveIntermediates/DeviceMaintenance/IntermediateBuildFilesPath

CreateBuildDirectory /Users/runner/Library/Developer/Xcode/DerivedData/DeviceMaintenance-flyuwdobxekbtzdsqajzqyikscoo/Build/Intermediates.noindex/ArchiveIntermediates/DeviceMaintenance/InstallationBuildProductsLocation
    cd /Users/runner/work/Device_Maintenance/Device_Maintenance
    builtin-create-build-directory /Users/runner/Library/Developer/Xcode/DerivedData/DeviceMaintenance-flyuwdobxekbtzdsqajzqyikscoo/Build/Intermediates.noindex/ArchiveIntermediates/DeviceMaintenance/InstallationBuildProductsLocation

CreateBuildDirectory /Users/runner/Library/Developer/Xcode/DerivedData/DeviceMaintenance-flyuwdobxekbtzdsqajzqyikscoo/Build/Intermediates.noindex/ArchiveIntermediates/DeviceMaintenance/BuildProductsPath
    cd /Users/runner/work/Device_Maintenance/Device_Maintenance
    builtin-create-build-directory /Users/runner/Library/Developer/Xcode/DerivedData/DeviceMaintenance-flyuwdobxekbtzdsqajzqyikscoo/Build/Intermediates.noindex/ArchiveIntermediates/DeviceMaintenance/BuildProductsPath

ClangStatCache /Applications/Xcode_16.4.app/Contents/Developer/Toolchains/XcodeDefault.xctoolchain/usr/bin/clang-stat-cache /Applications/Xcode_16.4.app/Contents/Developer/Platforms/iPhoneOS.platform/Developer/SDKs/iPhoneOS18.5.sdk /Users/runner/Library/Developer/Xcode/DerivedData/SDKStatCaches.noindex/iphoneos18.5-22F76-a529daf784b3616c7c04a36aeb7f5c05.sdkstatcache
    cd /Users/runner/work/Device_Maintenance/Device_Maintenance
    /Applications/Xcode_16.4.app/Contents/Developer/Toolchains/XcodeDefault.xctoolchain/usr/bin/clang-stat-cache /Applications/Xcode_16.4.app/Contents/Developer/Platforms/iPhoneOS.platform/Developer/SDKs/iPhoneOS18.5.sdk -o /Users/runner/Library/Developer/Xcode/DerivedData/SDKStatCaches.noindex/iphoneos18.5-22F76-a529daf784b3616c7c04a36aeb7f5c05.sdkstatcache

WriteAuxiliaryFile /Users/runner/Library/Developer/Xcode/DerivedData/DeviceMaintenance-flyuwdobxekbtzdsqajzqyikscoo/Build/Intermediates.noindex/ArchiveIntermediates/DeviceMaintenance/IntermediateBuildFilesPath/Pods.build/Release-iphoneos/Pods-8699adb1dd336b26511df848a716bd42-VFS-iphoneos/all-product-headers.yaml
    cd /Users/runner/work/Device_Maintenance/Device_Maintenance
    write-file /Users/runner/Library/Developer/Xcode/DerivedData/DeviceMaintenance-flyuwdobxekbtzdsqajzqyikscoo/Build/Intermediates.noindex/ArchiveIntermediates/DeviceMaintenance/IntermediateBuildFilesPath/Pods.build/Release-iphoneos/Pods-8699adb1dd336b26511df848a716bd42-VFS-iphoneos/all-product-headers.yaml

WriteAuxiliaryFile /Users/runner/Library/Developer/Xcode/DerivedData/DeviceMaintenance-flyuwdobxekbtzdsqajzqyikscoo/Build/Intermediates.noindex/ArchiveIntermediates/DeviceMaintenance/IntermediateBuildFilesPath/DeviceMaintenance.build/Release-iphoneos/DeviceMaintenance-5f39169e26405a4d1fa8d7f3dee036d5-VFS-iphoneos/all-product-headers.yaml
    cd /Users/runner/work/Device_Maintenance/Device_Maintenance
    write-file /Users/runner/Library/Developer/Xcode/DerivedData/DeviceMaintenance-flyuwdobxekbtzdsqajzqyikscoo/Build/Intermediates.noindex/ArchiveIntermediates/DeviceMaintenance/IntermediateBuildFilesPath/DeviceMaintenance.build/Release-iphoneos/DeviceMaintenance-5f39169e26405a4d1fa8d7f3dee036d5-VFS-iphoneos/all-product-headers.yaml

CreateBuildDirectory /Users/runner/Library/Developer/Xcode/DerivedData/DeviceMaintenance-flyuwdobxekbtzdsqajzqyikscoo/Build/Intermediates.noindex/ArchiveIntermediates/DeviceMaintenance/IntermediateBuildFilesPath/EagerLinkingTBDs/Release-iphoneos
    cd /Users/runner/work/Device_Maintenance/Device_Maintenance
    builtin-create-build-directory /Users/runner/Library/Developer/Xcode/DerivedData/DeviceMaintenance-flyuwdobxekbtzdsqajzqyikscoo/Build/Intermediates.noindex/ArchiveIntermediates/DeviceMaintenance/IntermediateBuildFilesPath/EagerLinkingTBDs/Release-iphoneos

WriteAuxiliaryFile /Users/runner/Library/Developer/Xcode/DerivedData/DeviceMaintenance-flyuwdobxekbtzdsqajzqyikscoo/Build/Intermediates.noindex/ArchiveIntermediates/DeviceMaintenance/IntermediateBuildFilesPath/Pods.build/Release-iphoneos/UMDevice.build/Script-B6041920479E74DFCF3DD5A4F741F1C5.sh (in target 'UMDevice' from project 'Pods')
    cd /Users/runner/work/Device_Maintenance/Device_Maintenance/Pods
    write-file /Users/runner/Library/Developer/Xcode/DerivedData/DeviceMaintenance-flyuwdobxekbtzdsqajzqyikscoo/Build/Intermediates.noindex/ArchiveIntermediates/DeviceMaintenance/IntermediateBuildFilesPath/Pods.build/Release-iphoneos/UMDevice.build/Script-B6041920479E74DFCF3DD5A4F741F1C5.sh

WriteAuxiliaryFile /Users/runner/Library/Developer/Xcode/DerivedData/DeviceMaintenance-flyuwdobxekbtzdsqajzqyikscoo/Build/Intermediates.noindex/ArchiveIntermediates/DeviceMaintenance/IntermediateBuildFilesPath/Pods.build/Release-iphoneos/UMDevice.build/OutputFileList-B6041920479E74DFCF3DD5A4F741F1C5-UMDevice-xcframeworks-output-files-4539c62bad22023b90739fa29fd1302f-resolved.xcfilelist (in target 'UMDevice' from project 'Pods')
    cd /Users/runner/work/Device_Maintenance/Device_Maintenance/Pods
    write-file /Users/runner/Library/Developer/Xcode/DerivedData/DeviceMaintenance-flyuwdobxekbtzdsqajzqyikscoo/Build/Intermediates.noindex/ArchiveIntermediates/DeviceMaintenance/IntermediateBuildFilesPath/Pods.build/Release-iphoneos/UMDevice.build/OutputFileList-B6041920479E74DFCF3DD5A4F741F1C5-UMDevice-xcframeworks-output-files-4539c62bad22023b90739fa29fd1302f-resolved.xcfilelist

WriteAuxiliaryFile /Users/runner/Library/Developer/Xcode/DerivedData/DeviceMaintenance-flyuwdobxekbtzdsqajzqyikscoo/Build/Intermediates.noindex/ArchiveIntermediates/DeviceMaintenance/IntermediateBuildFilesPath/Pods.build/Release-iphoneos/UMDevice.build/InputFileList-B6041920479E74DFCF3DD5A4F741F1C5-UMDevice-xcframeworks-input-files-970d2e3b68fcc0d81acb08fe9b7782e2-resolved.xcfilelist (in target 'UMDevice' from project 'Pods')
    cd /Users/runner/work/Device_Maintenance/Device_Maintenance/Pods
    write-file /Users/runner/Library/Developer/Xcode/DerivedData/DeviceMaintenance-flyuwdobxekbtzdsqajzqyikscoo/Build/Intermediates.noindex/ArchiveIntermediates/DeviceMaintenance/IntermediateBuildFilesPath/Pods.build/Release-iphoneos/UMDevice.build/InputFileList-B6041920479E74DFCF3DD5A4F741F1C5-UMDevice-xcframeworks-input-files-970d2e3b68fcc0d81acb08fe9b7782e2-resolved.xcfilelist

WriteAuxiliaryFile /Users/runner/Library/Developer/Xcode/DerivedData/DeviceMaintenance-flyuwdobxekbtzdsqajzqyikscoo/Build/Intermediates.noindex/ArchiveIntermediates/DeviceMaintenance/IntermediateBuildFilesPath/Pods.build/Release-iphoneos/UMCommon.build/Script-C174F6EFADC08F50F41614F86DCA08E2.sh (in target 'UMCommon' from project 'Pods')
    cd /Users/runner/work/Device_Maintenance/Device_Maintenance/Pods
    write-file /Users/runner/Library/Developer/Xcode/DerivedData/DeviceMaintenance-flyuwdobxekbtzdsqajzqyikscoo/Build/Intermediates.noindex/ArchiveIntermediates/DeviceMaintenance/IntermediateBuildFilesPath/Pods.build/Release-iphoneos/UMCommon.build/Script-C174F6EFADC08F50F41614F86DCA08E2.sh

WriteAuxiliaryFile /Users/runner/Library/Developer/Xcode/DerivedData/DeviceMaintenance-flyuwdobxekbtzdsqajzqyikscoo/Build/Intermediates.noindex/ArchiveIntermediates/DeviceMaintenance/IntermediateBuildFilesPath/Pods.build/Release-iphoneos/UMCommon.build/OutputFileList-C174F6EFADC08F50F41614F86DCA08E2-UMCommon-xcframeworks-output-files-873ef5dc466c6136602e02455a7ceafc-resolved.xcfilelist (in target 'UMCommon' from project 'Pods')
    cd /Users/runner/work/Device_Maintenance/Device_Maintenance/Pods
    write-file /Users/runner/Library/Developer/Xcode/DerivedData/DeviceMaintenance-flyuwdobxekbtzdsqajzqyikscoo/Build/Intermediates.noindex/ArchiveIntermediates/DeviceMaintenance/IntermediateBuildFilesPath/Pods.build/Release-iphoneos/UMCommon.build/OutputFileList-C174F6EFADC08F50F41614F86DCA08E2-UMCommon-xcframeworks-output-files-873ef5dc466c6136602e02455a7ceafc-resolved.xcfilelist

WriteAuxiliaryFile /Users/runner/Library/Developer/Xcode/DerivedData/DeviceMaintenance-flyuwdobxekbtzdsqajzqyikscoo/Build/Intermediates.noindex/ArchiveIntermediates/DeviceMaintenance/IntermediateBuildFilesPath/Pods.build/Release-iphoneos/UMCommon.build/InputFileList-C174F6EFADC08F50F41614F86DCA08E2-UMCommon-xcframeworks-input-files-9db8244fa7e9a04536c8590dfc9be1ed-resolved.xcfilelist (in target 'UMCommon' from project 'Pods')
    cd /Users/runner/work/Device_Maintenance/Device_Maintenance/Pods
    write-file /Users/runner/Library/Developer/Xcode/DerivedData/DeviceMaintenance-flyuwdobxekbtzdsqajzqyikscoo/Build/Intermediates.noindex/ArchiveIntermediates/DeviceMaintenance/IntermediateBuildFilesPath/Pods.build/Release-iphoneos/UMCommon.build/InputFileList-C174F6EFADC08F50F41614F86DCA08E2-UMCommon-xcframeworks-input-files-9db8244fa7e9a04536c8590dfc9be1ed-resolved.xcfilelist

WriteAuxiliaryFile /Users/runner/Library/Developer/Xcode/DerivedData/DeviceMaintenance-flyuwdobxekbtzdsqajzqyikscoo/Build/Intermediates.noindex/ArchiveIntermediates/DeviceMaintenance/IntermediateBuildFilesPath/Pods.build/Release-iphoneos/UMAPM.build/Script-2EBFDFA83BBE493970F9E1A2F2BED394.sh (in target 'UMAPM' from project 'Pods')
    cd /Users/runner/work/Device_Maintenance/Device_Maintenance/Pods
    write-file /Users/runner/Library/Developer/Xcode/DerivedData/DeviceMaintenance-flyuwdobxekbtzdsqajzqyikscoo/Build/Intermediates.noindex/ArchiveIntermediates/DeviceMaintenance/IntermediateBuildFilesPath/Pods.build/Release-iphoneos/UMAPM.build/Script-2EBFDFA83BBE493970F9E1A2F2BED394.sh

WriteAuxiliaryFile /Users/runner/Library/Developer/Xcode/DerivedData/DeviceMaintenance-flyuwdobxekbtzdsqajzqyikscoo/Build/Intermediates.noindex/ArchiveIntermediates/DeviceMaintenance/IntermediateBuildFilesPath/Pods.build/Release-iphoneos/UMAPM.build/OutputFileList-2EBFDFA83BBE493970F9E1A2F2BED394-UMAPM-xcframeworks-output-files-3f49c318cf696e2d51249368a2fbd3a2-resolved.xcfilelist (in target 'UMAPM' from project 'Pods')
    cd /Users/runner/work/Device_Maintenance/Device_Maintenance/Pods
    write-file /Users/runner/Library/Developer/Xcode/DerivedData/DeviceMaintenance-flyuwdobxekbtzdsqajzqyikscoo/Build/Intermediates.noindex/ArchiveIntermediates/DeviceMaintenance/IntermediateBuildFilesPath/Pods.build/Release-iphoneos/UMAPM.build/OutputFileList-2EBFDFA83BBE493970F9E1A2F2BED394-UMAPM-xcframeworks-output-files-3f49c318cf696e2d51249368a2fbd3a2-resolved.xcfilelist

WriteAuxiliaryFile /Users/runner/Library/Developer/Xcode/DerivedData/DeviceMaintenance-flyuwdobxekbtzdsqajzqyikscoo/Build/Intermediates.noindex/ArchiveIntermediates/DeviceMaintenance/IntermediateBuildFilesPath/Pods.build/Release-iphoneos/UMAPM.build/InputFileList-2EBFDFA83BBE493970F9E1A2F2BED394-UMAPM-xcframeworks-input-files-003272d68681650ece04bfd471950556-resolved.xcfilelist (in target 'UMAPM' from project 'Pods')
    cd /Users/runner/work/Device_Maintenance/Device_Maintenance/Pods
    write-file /Users/runner/Library/Developer/Xcode/DerivedData/DeviceMaintenance-flyuwdobxekbtzdsqajzqyikscoo/Build/Intermediates.noindex/ArchiveIntermediates/DeviceMaintenance/IntermediateBuildFilesPath/Pods.build/Release-iphoneos/UMAPM.build/InputFileList-2EBFDFA83BBE493970F9E1A2F2BED394-UMAPM-xcframeworks-input-files-003272d68681650ece04bfd471950556-resolved.xcfilelist

CreateBuildDirectory /Users/runner/Library/Developer/Xcode/DerivedData/DeviceMaintenance-flyuwdobxekbtzdsqajzqyikscoo/Build/Intermediates.noindex/ArchiveIntermediates/DeviceMaintenance/BuildProductsPath/Release-iphoneos
    cd /Users/runner/work/Device_Maintenance/Device_Maintenance
    builtin-create-build-directory /Users/runner/Library/Developer/Xcode/DerivedData/DeviceMaintenance-flyuwdobxekbtzdsqajzqyikscoo/Build/Intermediates.noindex/ArchiveIntermediates/DeviceMaintenance/BuildProductsPath/Release-iphoneos

PhaseScriptExecution [CP]\ Copy\ XCFrameworks /Users/runner/Library/Developer/Xcode/DerivedData/DeviceMaintenance-flyuwdobxekbtzdsqajzqyikscoo/Build/Intermediates.noindex/ArchiveIntermediates/DeviceMaintenance/IntermediateBuildFilesPath/Pods.build/Release-iphoneos/UMDevice.build/Script-B6041920479E74DFCF3DD5A4F741F1C5.sh (in target 'UMDevice' from project 'Pods')
    cd /Users/runner/work/Device_Maintenance/Device_Maintenance/Pods
    /bin/sh -c /Users/runner/Library/Developer/Xcode/DerivedData/DeviceMaintenance-flyuwdobxekbtzdsqajzqyikscoo/Build/Intermediates.noindex/ArchiveIntermediates/DeviceMaintenance/IntermediateBuildFilesPath/Pods.build/Release-iphoneos/UMDevice.build/Script-B6041920479E74DFCF3DD5A4F741F1C5.sh
Selected xcframework slice ios-arm64
rsync --delete -av --filter P .*.?????? --links --filter "- CVS/" --filter "- .svn/" --filter "- .git/" --filter "- .hg/" "/Users/runner/work/Device_Maintenance/Device_Maintenance/Pods/UMDevice/UMDevice_3.5.0/UMDevice.xcframework/ios-arm64/*" "/Users/runner/Library/Developer/Xcode/DerivedData/DeviceMaintenance-flyuwdobxekbtzdsqajzqyikscoo/Build/Intermediates.noindex/ArchiveIntermediates/DeviceMaintenance/BuildProductsPath/Release-iphoneos/XCFrameworkIntermediates/UMDevice"
Transfer starting: 14 files
UMDevice.framework/
UMDevice.framework/Info.plist
UMDevice.framework/PrivacyInfo.xcprivacy
UMDevice.framework/UMDevice
UMDevice.framework/Headers/
UMDevice.framework/Headers/UMZid.h
UMDevice.framework/Modules/
UMDevice.framework/Modules/module.modulemap
UMDevice.framework/_CodeSignature/
UMDevice.framework/_CodeSignature/CodeDirectory
UMDevice.framework/_CodeSignature/CodeRequirements
UMDevice.framework/_CodeSignature/CodeRequirements-1
UMDevice.framework/_CodeSignature/CodeResources
UMDevice.framework/_CodeSignature/CodeSignature

sent 459792 bytes  received 264 bytes  5743520 bytes/sec
total size is 458276  speedup is 1.00
Copied /Users/runner/work/Device_Maintenance/Device_Maintenance/Pods/UMDevice/UMDevice_3.5.0/UMDevice.xcframework/ios-arm64 to /Users/runner/Library/Developer/Xcode/DerivedData/DeviceMaintenance-flyuwdobxekbtzdsqajzqyikscoo/Build/Intermediates.noindex/ArchiveIntermediates/DeviceMaintenance/BuildProductsPath/Release-iphoneos/XCFrameworkIntermediates/UMDevice

CreateBuildDirectory /Users/runner/Library/Developer/Xcode/DerivedData/DeviceMaintenance-flyuwdobxekbtzdsqajzqyikscoo/Build/Intermediates.noindex/ArchiveIntermediates/DeviceMaintenance/BuildProductsPath/Release-iphoneos/UMDevice
    cd /Users/runner/work/Device_Maintenance/Device_Maintenance
    builtin-create-build-directory /Users/runner/Library/Developer/Xcode/DerivedData/DeviceMaintenance-flyuwdobxekbtzdsqajzqyikscoo/Build/Intermediates.noindex/ArchiveIntermediates/DeviceMaintenance/BuildProductsPath/Release-iphoneos/UMDevice

WriteAuxiliaryFile /Users/runner/Library/Developer/Xcode/DerivedData/DeviceMaintenance-flyuwdobxekbtzdsqajzqyikscoo/Build/Intermediates.noindex/ArchiveIntermediates/DeviceMaintenance/IntermediateBuildFilesPath/Pods.build/Release-iphoneos/Pods-DeviceMaintenance.build/Pods_DeviceMaintenance.hmap (in target 'Pods-DeviceMaintenance' from project 'Pods')
    cd /Users/runner/work/Device_Maintenance/Device_Maintenance/Pods
    write-file /Users/runner/Library/Developer/Xcode/DerivedData/DeviceMaintenance-flyuwdobxekbtzdsqajzqyikscoo/Build/Intermediates.noindex/ArchiveIntermediates/DeviceMaintenance/IntermediateBuildFilesPath/Pods.build/Release-iphoneos/Pods-DeviceMaintenance.build/Pods_DeviceMaintenance.hmap

WriteAuxiliaryFile /Users/runner/Library/Developer/Xcode/DerivedData/DeviceMaintenance-flyuwdobxekbtzdsqajzqyikscoo/Build/Intermediates.noindex/ArchiveIntermediates/DeviceMaintenance/IntermediateBuildFilesPath/Pods.build/Release-iphoneos/Pods-DeviceMaintenance.build/Pods_DeviceMaintenance.DependencyStaticMetadataFileList (in target 'Pods-DeviceMaintenance' from project 'Pods')
    cd /Users/runner/work/Device_Maintenance/Device_Maintenance/Pods
    write-file /Users/runner/Library/Developer/Xcode/DerivedData/DeviceMaintenance-flyuwdobxekbtzdsqajzqyikscoo/Build/Intermediates.noindex/ArchiveIntermediates/DeviceMaintenance/IntermediateBuildFilesPath/Pods.build/Release-iphoneos/Pods-DeviceMaintenance.build/Pods_DeviceMaintenance.DependencyStaticMetadataFileList

WriteAuxiliaryFile /Users/runner/Library/Developer/Xcode/DerivedData/DeviceMaintenance-flyuwdobxekbtzdsqajzqyikscoo/Build/Intermediates.noindex/ArchiveIntermediates/DeviceMaintenance/IntermediateBuildFilesPath/Pods.build/Release-iphoneos/Pods-DeviceMaintenance.build/Pods_DeviceMaintenance.DependencyMetadataFileList (in target 'Pods-DeviceMaintenance' from project 'Pods')
    cd /Users/runner/work/Device_Maintenance/Device_Maintenance/Pods
    write-file /Users/runner/Library/Developer/Xcode/DerivedData/DeviceMaintenance-flyuwdobxekbtzdsqajzqyikscoo/Build/Intermediates.noindex/ArchiveIntermediates/DeviceMaintenance/IntermediateBuildFilesPath/Pods.build/Release-iphoneos/Pods-DeviceMaintenance.build/Pods_DeviceMaintenance.DependencyMetadataFileList

WriteAuxiliaryFile /Users/runner/Library/Developer/Xcode/DerivedData/DeviceMaintenance-flyuwdobxekbtzdsqajzqyikscoo/Build/Intermediates.noindex/ArchiveIntermediates/DeviceMaintenance/IntermediateBuildFilesPath/Pods.build/Release-iphoneos/Pods-DeviceMaintenance.build/Pods_DeviceMaintenance-project-headers.hmap (in target 'Pods-DeviceMaintenance' from project 'Pods')
    cd /Users/runner/work/Device_Maintenance/Device_Maintenance/Pods
    write-file /Users/runner/Library/Developer/Xcode/DerivedData/DeviceMaintenance-flyuwdobxekbtzdsqajzqyikscoo/Build/Intermediates.noindex/ArchiveIntermediates/DeviceMaintenance/IntermediateBuildFilesPath/Pods.build/Release-iphoneos/Pods-DeviceMaintenance.build/Pods_DeviceMaintenance-project-headers.hmap

WriteAuxiliaryFile /Users/runner/Library/Developer/Xcode/DerivedData/DeviceMaintenance-flyuwdobxekbtzdsqajzqyikscoo/Build/Intermediates.noindex/ArchiveIntermediates/DeviceMaintenance/IntermediateBuildFilesPath/Pods.build/Release-iphoneos/Pods-DeviceMaintenance.build/Pods_DeviceMaintenance-own-target-headers.hmap (in target 'Pods-DeviceMaintenance' from project 'Pods')
    cd /Users/runner/work/Device_Maintenance/Device_Maintenance/Pods
    write-file /Users/runner/Library/Developer/Xcode/DerivedData/DeviceMaintenance-flyuwdobxekbtzdsqajzqyikscoo/Build/Intermediates.noindex/ArchiveIntermediates/DeviceMaintenance/IntermediateBuildFilesPath/Pods.build/Release-iphoneos/Pods-DeviceMaintenance.build/Pods_DeviceMaintenance-own-target-headers.hmap

WriteAuxiliaryFile /Users/runner/Library/Developer/Xcode/DerivedData/DeviceMaintenance-flyuwdobxekbtzdsqajzqyikscoo/Build/Intermediates.noindex/ArchiveIntermediates/DeviceMaintenance/IntermediateBuildFilesPath/Pods.build/Release-iphoneos/Pods-DeviceMaintenance.build/Pods_DeviceMaintenance-generated-files.hmap (in target 'Pods-DeviceMaintenance' from project 'Pods')
    cd /Users/runner/work/Device_Maintenance/Device_Maintenance/Pods
    write-file /Users/runner/Library/Developer/Xcode/DerivedData/DeviceMaintenance-flyuwdobxekbtzdsqajzqyikscoo/Build/Intermediates.noindex/ArchiveIntermediates/DeviceMaintenance/IntermediateBuildFilesPath/Pods.build/Release-iphoneos/Pods-DeviceMaintenance.build/Pods_DeviceMaintenance-generated-files.hmap

WriteAuxiliaryFile /Users/runner/Library/Developer/Xcode/DerivedData/DeviceMaintenance-flyuwdobxekbtzdsqajzqyikscoo/Build/Intermediates.noindex/ArchiveIntermediates/DeviceMaintenance/IntermediateBuildFilesPath/Pods.build/Release-iphoneos/Pods-DeviceMaintenance.build/Pods_DeviceMaintenance-all-target-headers.hmap (in target 'Pods-DeviceMaintenance' from project 'Pods')
    cd /Users/runner/work/Device_Maintenance/Device_Maintenance/Pods
    write-file /Users/runner/Library/Developer/Xcode/DerivedData/DeviceMaintenance-flyuwdobxekbtzdsqajzqyikscoo/Build/Intermediates.noindex/ArchiveIntermediates/DeviceMaintenance/IntermediateBuildFilesPath/Pods.build/Release-iphoneos/Pods-DeviceMaintenance.build/Pods_DeviceMaintenance-all-target-headers.hmap

WriteAuxiliaryFile /Users/runner/Library/Developer/Xcode/DerivedData/DeviceMaintenance-flyuwdobxekbtzdsqajzqyikscoo/Build/Intermediates.noindex/ArchiveIntermediates/DeviceMaintenance/IntermediateBuildFilesPath/Pods.build/Release-iphoneos/Pods-DeviceMaintenance.build/Pods_DeviceMaintenance-all-non-framework-target-headers.hmap (in target 'Pods-DeviceMaintenance' from project 'Pods')
    cd /Users/runner/work/Device_Maintenance/Device_Maintenance/Pods
    write-file /Users/runner/Library/Developer/Xcode/DerivedData/DeviceMaintenance-flyuwdobxekbtzdsqajzqyikscoo/Build/Intermediates.noindex/ArchiveIntermediates/DeviceMaintenance/IntermediateBuildFilesPath/Pods.build/Release-iphoneos/Pods-DeviceMaintenance.build/Pods_DeviceMaintenance-all-non-framework-target-headers.hmap

WriteAuxiliaryFile /Users/runner/Library/Developer/Xcode/DerivedData/DeviceMaintenance-flyuwdobxekbtzdsqajzqyikscoo/Build/Intermediates.noindex/ArchiveIntermediates/DeviceMaintenance/IntermediateBuildFilesPath/Pods.build/Release-iphoneos/Pods-DeviceMaintenance.build/Objects-normal/arm64/e6072d4f65d7061329687fe24e3d63a7-common-args.resp (in target 'Pods-DeviceMaintenance' from project 'Pods')
    cd /Users/runner/work/Device_Maintenance/Device_Maintenance/Pods
    write-file /Users/runner/Library/Developer/Xcode/DerivedData/DeviceMaintenance-flyuwdobxekbtzdsqajzqyikscoo/Build/Intermediates.noindex/ArchiveIntermediates/DeviceMaintenance/IntermediateBuildFilesPath/Pods.build/Release-iphoneos/Pods-DeviceMaintenance.build/Objects-normal/arm64/e6072d4f65d7061329687fe24e3d63a7-common-args.resp
-target arm64-apple-ios16.0 '-std=gnu11' -fobjc-arc -fmodules -gmodules '-fmodules-cache-path=/Users/runner/Library/Developer/Xcode/DerivedData/ModuleCache.noindex' '-fmodule-name=Pods_DeviceMaintenance' -fpascal-strings -Os -fno-common '-DPOD_CONFIGURATION_RELEASE=1' '-DCOCOAPODS=1' '-DNS_BLOCK_ASSERTIONS=1' '-DOBJC_OLD_DISPATCH_PROTOTYPES=0' -isysroot /Applications/Xcode_16.4.app/Contents/Developer/Platforms/iPhoneOS.platform/Developer/SDKs/iPhoneOS18.5.sdk -g -iquote /Users/runner/Library/Developer/Xcode/DerivedData/DeviceMaintenance-flyuwdobxekbtzdsqajzqyikscoo/Build/Intermediates.noindex/ArchiveIntermediates/DeviceMaintenance/IntermediateBuildFilesPath/Pods.build/Release-iphoneos/Pods-DeviceMaintenance.build/Pods_DeviceMaintenance-generated-files.hmap -I/Users/runner/Library/Developer/Xcode/DerivedData/DeviceMaintenance-flyuwdobxekbtzdsqajzqyikscoo/Build/Intermediates.noindex/ArchiveIntermediates/DeviceMaintenance/IntermediateBuildFilesPath/Pods.build/Release-iphoneos/Pods-DeviceMaintenance.build/Pods_DeviceMaintenance-own-target-headers.hmap -I/Users/runner/Library/Developer/Xcode/DerivedData/DeviceMaintenance-flyuwdobxekbtzdsqajzqyikscoo/Build/Intermediates.noindex/ArchiveIntermediates/DeviceMaintenance/IntermediateBuildFilesPath/Pods.build/Release-iphoneos/Pods-DeviceMaintenance.build/Pods_DeviceMaintenance-all-non-framework-target-headers.hmap -ivfsoverlay /Users/runner/Library/Developer/Xcode/DerivedData/DeviceMaintenance-flyuwdobxekbtzdsqajzqyikscoo/Build/Intermediates.noindex/ArchiveIntermediates/DeviceMaintenance/IntermediateBuildFilesPath/Pods.build/Release-iphoneos/Pods-8699adb1dd336b26511df848a716bd42-VFS-iphoneos/all-product-headers.yaml -iquote /Users/runner/Library/Developer/Xcode/DerivedData/DeviceMaintenance-flyuwdobxekbtzdsqajzqyikscoo/Build/Intermediates.noindex/ArchiveIntermediates/DeviceMaintenance/IntermediateBuildFilesPath/Pods.build/Release-iphoneos/Pods-DeviceMaintenance.build/Pods_DeviceMaintenance-project-headers.hmap -I/Users/runner/Library/Developer/Xcode/DerivedData/DeviceMaintenance-flyuwdobxekbtzdsqajzqyikscoo/Build/Intermediates.noindex/ArchiveIntermediates/DeviceMaintenance/BuildProductsPath/Release-iphoneos/include -I/Users/runner/Library/Developer/Xcode/DerivedData/DeviceMaintenance-flyuwdobxekbtzdsqajzqyikscoo/Build/Intermediates.noindex/ArchiveIntermediates/DeviceMaintenance/BuildProductsPath/Release-iphoneos/SubscriptionKit/SubscriptionKit.framework/Headers -I/Users/runner/Library/Developer/Xcode/DerivedData/DeviceMaintenance-flyuwdobxekbtzdsqajzqyikscoo/Build/Intermediates.noindex/ArchiveIntermediates/DeviceMaintenance/IntermediateBuildFilesPath/Pods.build/Release-iphoneos/Pods-DeviceMaintenance.build/DerivedSources-normal/arm64 -I/Users/runner/Library/Developer/Xcode/DerivedData/DeviceMaintenance-flyuwdobxekbtzdsqajzqyikscoo/Build/Intermediates.noindex/ArchiveIntermediates/DeviceMaintenance/IntermediateBuildFilesPath/Pods.build/Release-iphoneos/Pods-DeviceMaintenance.build/DerivedSources/arm64 -I/Users/runner/Library/Developer/Xcode/DerivedData/DeviceMaintenance-flyuwdobxekbtzdsqajzqyikscoo/Build/Intermediates.noindex/ArchiveIntermediates/DeviceMaintenance/IntermediateBuildFilesPath/Pods.build/Release-iphoneos/Pods-DeviceMaintenance.build/DerivedSources -F/Users/runner/Library/Developer/Xcode/DerivedData/DeviceMaintenance-flyuwdobxekbtzdsqajzqyikscoo/Build/Intermediates.noindex/ArchiveIntermediates/DeviceMaintenance/BuildProductsPath/Release-iphoneos -F/Users/runner/Library/Developer/Xcode/DerivedData/DeviceMaintenance-flyuwdobxekbtzdsqajzqyikscoo/Build/Intermediates.noindex/ArchiveIntermediates/DeviceMaintenance/BuildProductsPath/Release-iphoneos/SubscriptionKit -F/Users/runner/work/Device_Maintenance/Device_Maintenance/Pods/UMAPM/UMAPM_2.0.7 -F/Users/runner/work/Device_Maintenance/Device_Maintenance/Pods/UMCommon/UMCommon_7.5.8 -F/Users/runner/work/Device_Maintenance/Device_Maintenance/Pods/UMDevice/UMDevice_3.5.0 -F/Users/runner/Library/Developer/Xcode/DerivedData/DeviceMaintenance-flyuwdobxekbtzdsqajzqyikscoo/Build/Intermediates.noindex/ArchiveIntermediates/DeviceMaintenance/BuildProductsPath/Release-iphoneos/XCFrameworkIntermediates/UMAPM -F/Users/runner/Library/Developer/Xcode/DerivedData/DeviceMaintenance-flyuwdobxekbtzdsqajzqyikscoo/Build/Intermediates.noindex/ArchiveIntermediates/DeviceMaintenance/BuildProductsPath/Release-iphoneos/XCFrameworkIntermediates/UMCommon -F/Users/runner/Library/Developer/Xcode/DerivedData/DeviceMaintenance-flyuwdobxekbtzdsqajzqyikscoo/Build/Intermediates.noindex/ArchiveIntermediates/DeviceMaintenance/BuildProductsPath/Release-iphoneos/XCFrameworkIntermediates/UMDevice

WriteAuxiliaryFile /Users/runner/Library/Developer/Xcode/DerivedData/DeviceMaintenance-flyuwdobxekbtzdsqajzqyikscoo/Build/Intermediates.noindex/ArchiveIntermediates/DeviceMaintenance/IntermediateBuildFilesPath/Pods.build/Release-iphoneos/Pods-DeviceMaintenance.build/Objects-normal/arm64/Pods_DeviceMaintenance.LinkFileList (in target 'Pods-DeviceMaintenance' from project 'Pods')
    cd /Users/runner/work/Device_Maintenance/Device_Maintenance/Pods
    write-file /Users/runner/Library/Developer/Xcode/DerivedData/DeviceMaintenance-flyuwdobxekbtzdsqajzqyikscoo/Build/Intermediates.noindex/ArchiveIntermediates/DeviceMaintenance/IntermediateBuildFilesPath/Pods.build/Release-iphoneos/Pods-DeviceMaintenance.build/Objects-normal/arm64/Pods_DeviceMaintenance.LinkFileList

WriteAuxiliaryFile /Users/runner/Library/Developer/Xcode/DerivedData/DeviceMaintenance-flyuwdobxekbtzdsqajzqyikscoo/Build/Intermediates.noindex/ArchiveIntermediates/DeviceMaintenance/IntermediateBuildFilesPath/Pods.build/Release-iphoneos/Pods-DeviceMaintenance.build/Objects-normal/arm64/7187679823f38a2a940e0043cdf9d637-common-args.resp (in target 'Pods-DeviceMaintenance' from project 'Pods')
    cd /Users/runner/work/Device_Maintenance/Device_Maintenance/Pods
    write-file /Users/runner/Library/Developer/Xcode/DerivedData/DeviceMaintenance-flyuwdobxekbtzdsqajzqyikscoo/Build/Intermediates.noindex/ArchiveIntermediates/DeviceMaintenance/IntermediateBuildFilesPath/Pods.build/Release-iphoneos/Pods-DeviceMaintenance.build/Objects-normal/arm64/7187679823f38a2a940e0043cdf9d637-common-args.resp
-target arm64-apple-ios16.0 '-std=gnu11' -fmodules -gmodules '-fmodules-cache-path=/Users/runner/Library/Developer/Xcode/DerivedData/ModuleCache.noindex' '-fmodule-name=Pods_DeviceMaintenance' -fpascal-strings -Os -fno-common '-DPOD_CONFIGURATION_RELEASE=1' '-DCOCOAPODS=1' -isysroot /Applications/Xcode_16.4.app/Contents/Developer/Platforms/iPhoneOS.platform/Developer/SDKs/iPhoneOS18.5.sdk -g -iquote /Users/runner/Library/Developer/Xcode/DerivedData/DeviceMaintenance-flyuwdobxekbtzdsqajzqyikscoo/Build/Intermediates.noindex/ArchiveIntermediates/DeviceMaintenance/IntermediateBuildFilesPath/Pods.build/Release-iphoneos/Pods-DeviceMaintenance.build/Pods_DeviceMaintenance-generated-files.hmap -I/Users/runner/Library/Developer/Xcode/DerivedData/DeviceMaintenance-flyuwdobxekbtzdsqajzqyikscoo/Build/Intermediates.noindex/ArchiveIntermediates/DeviceMaintenance/IntermediateBuildFilesPath/Pods.build/Release-iphoneos/Pods-DeviceMaintenance.build/Pods_DeviceMaintenance-own-target-headers.hmap -I/Users/runner/Library/Developer/Xcode/DerivedData/DeviceMaintenance-flyuwdobxekbtzdsqajzqyikscoo/Build/Intermediates.noindex/ArchiveIntermediates/DeviceMaintenance/IntermediateBuildFilesPath/Pods.build/Release-iphoneos/Pods-DeviceMaintenance.build/Pods_DeviceMaintenance-all-non-framework-target-headers.hmap -ivfsoverlay /Users/runner/Library/Developer/Xcode/DerivedData/DeviceMaintenance-flyuwdobxekbtzdsqajzqyikscoo/Build/Intermediates.noindex/ArchiveIntermediates/DeviceMaintenance/IntermediateBuildFilesPath/Pods.build/Release-iphoneos/Pods-8699adb1dd336b26511df848a716bd42-VFS-iphoneos/all-product-headers.yaml -iquote /Users/runner/Library/Developer/Xcode/DerivedData/DeviceMaintenance-flyuwdobxekbtzdsqajzqyikscoo/Build/Intermediates.noindex/ArchiveIntermediates/DeviceMaintenance/IntermediateBuildFilesPath/Pods.build/Release-iphoneos/Pods-DeviceMaintenance.build/Pods_DeviceMaintenance-project-headers.hmap -I/Users/runner/Library/Developer/Xcode/DerivedData/DeviceMaintenance-flyuwdobxekbtzdsqajzqyikscoo/Build/Intermediates.noindex/ArchiveIntermediates/DeviceMaintenance/BuildProductsPath/Release-iphoneos/include -I/Users/runner/Library/Developer/Xcode/DerivedData/DeviceMaintenance-flyuwdobxekbtzdsqajzqyikscoo/Build/Intermediates.noindex/ArchiveIntermediates/DeviceMaintenance/BuildProductsPath/Release-iphoneos/SubscriptionKit/SubscriptionKit.framework/Headers -I/Users/runner/Library/Developer/Xcode/DerivedData/DeviceMaintenance-flyuwdobxekbtzdsqajzqyikscoo/Build/Intermediates.noindex/ArchiveIntermediates/DeviceMaintenance/IntermediateBuildFilesPath/Pods.build/Release-iphoneos/Pods-DeviceMaintenance.build/DerivedSources-normal/arm64 -I/Users/runner/Library/Developer/Xcode/DerivedData/DeviceMaintenance-flyuwdobxekbtzdsqajzqyikscoo/Build/Intermediates.noindex/ArchiveIntermediates/DeviceMaintenance/IntermediateBuildFilesPath/Pods.build/Release-iphoneos/Pods-DeviceMaintenance.build/DerivedSources/arm64 -I/Users/runner/Library/Developer/Xcode/DerivedData/DeviceMaintenance-flyuwdobxekbtzdsqajzqyikscoo/Build/Intermediates.noindex/ArchiveIntermediates/DeviceMaintenance/IntermediateBuildFilesPath/Pods.build/Release-iphoneos/Pods-DeviceMaintenance.build/DerivedSources -F/Users/runner/Library/Developer/Xcode/DerivedData/DeviceMaintenance-flyuwdobxekbtzdsqajzqyikscoo/Build/Intermediates.noindex/ArchiveIntermediates/DeviceMaintenance/BuildProductsPath/Release-iphoneos -F/Users/runner/Library/Developer/Xcode/DerivedData/DeviceMaintenance-flyuwdobxekbtzdsqajzqyikscoo/Build/Intermediates.noindex/ArchiveIntermediates/DeviceMaintenance/BuildProductsPath/Release-iphoneos/SubscriptionKit -F/Users/runner/work/Device_Maintenance/Device_Maintenance/Pods/UMAPM/UMAPM_2.0.7 -F/Users/runner/work/Device_Maintenance/Device_Maintenance/Pods/UMCommon/UMCommon_7.5.8 -F/Users/runner/work/Device_Maintenance/Device_Maintenance/Pods/UMDevice/UMDevice_3.5.0 -F/Users/runner/Library/Developer/Xcode/DerivedData/DeviceMaintenance-flyuwdobxekbtzdsqajzqyikscoo/Build/Intermediates.noindex/ArchiveIntermediates/DeviceMaintenance/BuildProductsPath/Release-iphoneos/XCFrameworkIntermediates/UMAPM -F/Users/runner/Library/Developer/Xcode/DerivedData/DeviceMaintenance-flyuwdobxekbtzdsqajzqyikscoo/Build/Intermediates.noindex/ArchiveIntermediates/DeviceMaintenance/BuildProductsPath/Release-iphoneos/XCFrameworkIntermediates/UMCommon -F/Users/runner/Library/Developer/Xcode/DerivedData/DeviceMaintenance-flyuwdobxekbtzdsqajzqyikscoo/Build/Intermediates.noindex/ArchiveIntermediates/DeviceMaintenance/BuildProductsPath/Release-iphoneos/XCFrameworkIntermediates/UMDevice

WriteAuxiliaryFile /Users/runner/Library/Developer/Xcode/DerivedData/DeviceMaintenance-flyuwdobxekbtzdsqajzqyikscoo/Build/Intermediates.noindex/ArchiveIntermediates/DeviceMaintenance/IntermediateBuildFilesPath/Pods.build/Release-iphoneos/Pods-DeviceMaintenance.build/DerivedSources/Pods_DeviceMaintenance_vers.c (in target 'Pods-DeviceMaintenance' from project 'Pods')
    cd /Users/runner/work/Device_Maintenance/Device_Maintenance/Pods
    write-file /Users/runner/Library/Developer/Xcode/DerivedData/DeviceMaintenance-flyuwdobxekbtzdsqajzqyikscoo/Build/Intermediates.noindex/ArchiveIntermediates/DeviceMaintenance/IntermediateBuildFilesPath/Pods.build/Release-iphoneos/Pods-DeviceMaintenance.build/DerivedSources/Pods_DeviceMaintenance_vers.c

CpHeader /Users/runner/Library/Developer/Xcode/DerivedData/DeviceMaintenance-flyuwdobxekbtzdsqajzqyikscoo/Build/Intermediates.noindex/ArchiveIntermediates/DeviceMaintenance/IntermediateBuildFilesPath/UninstalledProducts/iphoneos/Pods_DeviceMaintenance.framework/Headers/Pods-DeviceMaintenance-umbrella.h /Users/runner/work/Device_Maintenance/Device_Maintenance/Pods/Target\ Support\ Files/Pods-DeviceMaintenance/Pods-DeviceMaintenance-umbrella.h (in target 'Pods-DeviceMaintenance' from project 'Pods')
    cd /Users/runner/work/Device_Maintenance/Device_Maintenance/Pods
    builtin-copy -exclude .DS_Store -exclude CVS -exclude .svn -exclude .git -exclude .hg -resolve-src-symlinks /Users/runner/work/Device_Maintenance/Device_Maintenance/Pods/Target\ Support\ Files/Pods-DeviceMaintenance/Pods-DeviceMaintenance-umbrella.h /Users/runner/Library/Developer/Xcode/DerivedData/DeviceMaintenance-flyuwdobxekbtzdsqajzqyikscoo/Build/Intermediates.noindex/ArchiveIntermediates/DeviceMaintenance/IntermediateBuildFilesPath/UninstalledProducts/iphoneos/Pods_DeviceMaintenance.framework/Headers

Copy /Users/runner/Library/Developer/Xcode/DerivedData/DeviceMaintenance-flyuwdobxekbtzdsqajzqyikscoo/Build/Intermediates.noindex/ArchiveIntermediates/DeviceMaintenance/IntermediateBuildFilesPath/Pods.build/Release-iphoneos/Pods-DeviceMaintenance.build/module.modulemap /Users/runner/work/Device_Maintenance/Device_Maintenance/Pods/Target\ Support\ Files/Pods-DeviceMaintenance/Pods-DeviceMaintenance.modulemap (in target 'Pods-DeviceMaintenance' from project 'Pods')
    cd /Users/runner/work/Device_Maintenance/Device_Maintenance/Pods
    builtin-copy -exclude .DS_Store -exclude CVS -exclude .svn -exclude .git -exclude .hg -resolve-src-symlinks -rename /Users/runner/work/Device_Maintenance/Device_Maintenance/Pods/Target\ Support\ Files/Pods-DeviceMaintenance/Pods-DeviceMaintenance.modulemap /Users/runner/Library/Developer/Xcode/DerivedData/DeviceMaintenance-flyuwdobxekbtzdsqajzqyikscoo/Build/Intermediates.noindex/ArchiveIntermediates/DeviceMaintenance/IntermediateBuildFilesPath/Pods.build/Release-iphoneos/Pods-DeviceMaintenance.build/module.modulemap

WriteAuxiliaryFile /Users/runner/Library/Developer/Xcode/DerivedData/DeviceMaintenance-flyuwdobxekbtzdsqajzqyikscoo/Build/Intermediates.noindex/ArchiveIntermediates/DeviceMaintenance/IntermediateBuildFilesPath/DeviceMaintenance.build/Release-iphoneos/DeviceMaintenance.build/Script-9F89D6856053FE49AD25DDA0.sh (in target 'DeviceMaintenance' from project 'DeviceMaintenance')
    cd /Users/runner/work/Device_Maintenance/Device_Maintenance
    write-file /Users/runner/Library/Developer/Xcode/DerivedData/DeviceMaintenance-flyuwdobxekbtzdsqajzqyikscoo/Build/Intermediates.noindex/ArchiveIntermediates/DeviceMaintenance/IntermediateBuildFilesPath/DeviceMaintenance.build/Release-iphoneos/DeviceMaintenance.build/Script-9F89D6856053FE49AD25DDA0.sh

Copy /Users/runner/Library/Developer/Xcode/DerivedData/DeviceMaintenance-flyuwdobxekbtzdsqajzqyikscoo/Build/Intermediates.noindex/ArchiveIntermediates/DeviceMaintenance/IntermediateBuildFilesPath/UninstalledProducts/iphoneos/Pods_DeviceMaintenance.framework/Modules/module.modulemap /Users/runner/Library/Developer/Xcode/DerivedData/DeviceMaintenance-flyuwdobxekbtzdsqajzqyikscoo/Build/Intermediates.noindex/ArchiveIntermediates/DeviceMaintenance/IntermediateBuildFilesPath/Pods.build/Release-iphoneos/Pods-DeviceMaintenance.build/module.modulemap (in target 'Pods-DeviceMaintenance' from project 'Pods')
    cd /Users/runner/work/Device_Maintenance/Device_Maintenance/Pods
    builtin-copy -exclude .DS_Store -exclude CVS -exclude .svn -exclude .git -exclude .hg -resolve-src-symlinks /Users/runner/Library/Developer/Xcode/DerivedData/DeviceMaintenance-flyuwdobxekbtzdsqajzqyikscoo/Build/Intermediates.noindex/ArchiveIntermediates/DeviceMaintenance/IntermediateBuildFilesPath/Pods.build/Release-iphoneos/Pods-DeviceMaintenance.build/module.modulemap /Users/runner/Library/Developer/Xcode/DerivedData/DeviceMaintenance-flyuwdobxekbtzdsqajzqyikscoo/Build/Intermediates.noindex/ArchiveIntermediates/DeviceMaintenance/IntermediateBuildFilesPath/UninstalledProducts/iphoneos/Pods_DeviceMaintenance.framework/Modules

WriteAuxiliaryFile /Users/runner/Library/Developer/Xcode/DerivedData/DeviceMaintenance-flyuwdobxekbtzdsqajzqyikscoo/Build/Intermediates.noindex/ArchiveIntermediates/DeviceMaintenance/IntermediateBuildFilesPath/DeviceMaintenance.build/Release-iphoneos/DeviceMaintenance.build/Objects-normal/arm64/DeviceMaintenance_const_extract_protocols.json (in target 'DeviceMaintenance' from project 'DeviceMaintenance')
    cd /Users/runner/work/Device_Maintenance/Device_Maintenance
    write-file /Users/runner/Library/Developer/Xcode/DerivedData/DeviceMaintenance-flyuwdobxekbtzdsqajzqyikscoo/Build/Intermediates.noindex/ArchiveIntermediates/DeviceMaintenance/IntermediateBuildFilesPath/DeviceMaintenance.build/Release-iphoneos/DeviceMaintenance.build/Objects-normal/arm64/DeviceMaintenance_const_extract_protocols.json

WriteAuxiliaryFile /Users/runner/Library/Developer/Xcode/DerivedData/DeviceMaintenance-flyuwdobxekbtzdsqajzqyikscoo/Build/Intermediates.noindex/ArchiveIntermediates/DeviceMaintenance/IntermediateBuildFilesPath/DeviceMaintenance.build/Release-iphoneos/DeviceMaintenance.build/Objects-normal/arm64/DeviceMaintenance.SwiftFileList (in target 'DeviceMaintenance' from project 'DeviceMaintenance')
    cd /Users/runner/work/Device_Maintenance/Device_Maintenance
    write-file /Users/runner/Library/Developer/Xcode/DerivedData/DeviceMaintenance-flyuwdobxekbtzdsqajzqyikscoo/Build/Intermediates.noindex/ArchiveIntermediates/DeviceMaintenance/IntermediateBuildFilesPath/DeviceMaintenance.build/Release-iphoneos/DeviceMaintenance.build/Objects-normal/arm64/DeviceMaintenance.SwiftFileList

WriteAuxiliaryFile /Users/runner/Library/Developer/Xcode/DerivedData/DeviceMaintenance-flyuwdobxekbtzdsqajzqyikscoo/Build/Intermediates.noindex/ArchiveIntermediates/DeviceMaintenance/IntermediateBuildFilesPath/DeviceMaintenance.build/Release-iphoneos/DeviceMaintenance.build/Objects-normal/arm64/DeviceMaintenance.SwiftConstValuesFileList (in target 'DeviceMaintenance' from project 'DeviceMaintenance')
    cd /Users/runner/work/Device_Maintenance/Device_Maintenance
    write-file /Users/runner/Library/Developer/Xcode/DerivedData/DeviceMaintenance-flyuwdobxekbtzdsqajzqyikscoo/Build/Intermediates.noindex/ArchiveIntermediates/DeviceMaintenance/IntermediateBuildFilesPath/DeviceMaintenance.build/Release-iphoneos/DeviceMaintenance.build/Objects-normal/arm64/DeviceMaintenance.SwiftConstValuesFileList

WriteAuxiliaryFile /Users/runner/Library/Developer/Xcode/DerivedData/DeviceMaintenance-flyuwdobxekbtzdsqajzqyikscoo/Build/Intermediates.noindex/ArchiveIntermediates/DeviceMaintenance/IntermediateBuildFilesPath/DeviceMaintenance.build/Release-iphoneos/DeviceMaintenance.build/Objects-normal/arm64/DeviceMaintenance.LinkFileList (in target 'DeviceMaintenance' from project 'DeviceMaintenance')
    cd /Users/runner/work/Device_Maintenance/Device_Maintenance
    write-file /Users/runner/Library/Developer/Xcode/DerivedData/DeviceMaintenance-flyuwdobxekbtzdsqajzqyikscoo/Build/Intermediates.noindex/ArchiveIntermediates/DeviceMaintenance/IntermediateBuildFilesPath/DeviceMaintenance.build/Release-iphoneos/DeviceMaintenance.build/Objects-normal/arm64/DeviceMaintenance.LinkFileList

WriteAuxiliaryFile /Users/runner/Library/Developer/Xcode/DerivedData/DeviceMaintenance-flyuwdobxekbtzdsqajzqyikscoo/Build/Intermediates.noindex/ArchiveIntermediates/DeviceMaintenance/IntermediateBuildFilesPath/DeviceMaintenance.build/Release-iphoneos/DeviceMaintenance.build/Objects-normal/arm64/DeviceMaintenance-OutputFileMap.json (in target 'DeviceMaintenance' from project 'DeviceMaintenance')
    cd /Users/runner/work/Device_Maintenance/Device_Maintenance
    write-file /Users/runner/Library/Developer/Xcode/DerivedData/DeviceMaintenance-flyuwdobxekbtzdsqajzqyikscoo/Build/Intermediates.noindex/ArchiveIntermediates/DeviceMaintenance/IntermediateBuildFilesPath/DeviceMaintenance.build/Release-iphoneos/DeviceMaintenance.build/Objects-normal/arm64/DeviceMaintenance-OutputFileMap.json

WriteAuxiliaryFile /Users/runner/Library/Developer/Xcode/DerivedData/DeviceMaintenance-flyuwdobxekbtzdsqajzqyikscoo/Build/Intermediates.noindex/ArchiveIntermediates/DeviceMaintenance/IntermediateBuildFilesPath/DeviceMaintenance.build/Release-iphoneos/DeviceMaintenance.build/Objects-normal/arm64/7187679823f38a2a940e0043cdf9d637-common-args.resp (in target 'DeviceMaintenance' from project 'DeviceMaintenance')
    cd /Users/runner/work/Device_Maintenance/Device_Maintenance
    write-file /Users/runner/Library/Developer/Xcode/DerivedData/DeviceMaintenance-flyuwdobxekbtzdsqajzqyikscoo/Build/Intermediates.noindex/ArchiveIntermediates/DeviceMaintenance/IntermediateBuildFilesPath/DeviceMaintenance.build/Release-iphoneos/DeviceMaintenance.build/Objects-normal/arm64/7187679823f38a2a940e0043cdf9d637-common-args.resp
-target arm64-apple-ios16.0 '-std=gnu11' -fmodules -gmodules '-fmodules-cache-path=/Users/runner/Library/Developer/Xcode/DerivedData/ModuleCache.noindex' -fpascal-strings -Os -fno-common '-DCOCOAPODS=1' -isysroot /Applications/Xcode_16.4.app/Contents/Developer/Platforms/iPhoneOS.platform/Developer/SDKs/iPhoneOS18.5.sdk -g '-fvisibility=hidden' -iquote /Users/runner/Library/Developer/Xcode/DerivedData/DeviceMaintenance-flyuwdobxekbtzdsqajzqyikscoo/Build/Intermediates.noindex/ArchiveIntermediates/DeviceMaintenance/IntermediateBuildFilesPath/DeviceMaintenance.build/Release-iphoneos/DeviceMaintenance.build/DeviceMaintenance-generated-files.hmap -I/Users/runner/Library/Developer/Xcode/DerivedData/DeviceMaintenance-flyuwdobxekbtzdsqajzqyikscoo/Build/Intermediates.noindex/ArchiveIntermediates/DeviceMaintenance/IntermediateBuildFilesPath/DeviceMaintenance.build/Release-iphoneos/DeviceMaintenance.build/DeviceMaintenance-own-target-headers.hmap -I/Users/runner/Library/Developer/Xcode/DerivedData/DeviceMaintenance-flyuwdobxekbtzdsqajzqyikscoo/Build/Intermediates.noindex/ArchiveIntermediates/DeviceMaintenance/IntermediateBuildFilesPath/DeviceMaintenance.build/Release-iphoneos/DeviceMaintenance.build/DeviceMaintenance-all-non-framework-target-headers.hmap -ivfsoverlay /Users/runner/Library/Developer/Xcode/DerivedData/DeviceMaintenance-flyuwdobxekbtzdsqajzqyikscoo/Build/Intermediates.noindex/ArchiveIntermediates/DeviceMaintenance/IntermediateBuildFilesPath/DeviceMaintenance.build/Release-iphoneos/DeviceMaintenance-5f39169e26405a4d1fa8d7f3dee036d5-VFS-iphoneos/all-product-headers.yaml -iquote /Users/runner/Library/Developer/Xcode/DerivedData/DeviceMaintenance-flyuwdobxekbtzdsqajzqyikscoo/Build/Intermediates.noindex/ArchiveIntermediates/DeviceMaintenance/IntermediateBuildFilesPath/DeviceMaintenance.build/Release-iphoneos/DeviceMaintenance.build/DeviceMaintenance-project-headers.hmap -I/Users/runner/Library/Developer/Xcode/DerivedData/DeviceMaintenance-flyuwdobxekbtzdsqajzqyikscoo/Build/Intermediates.noindex/ArchiveIntermediates/DeviceMaintenance/BuildProductsPath/Release-iphoneos/include -I/Users/runner/Library/Developer/Xcode/DerivedData/DeviceMaintenance-flyuwdobxekbtzdsqajzqyikscoo/Build/Intermediates.noindex/ArchiveIntermediates/DeviceMaintenance/BuildProductsPath/Release-iphoneos/SubscriptionKit/SubscriptionKit.framework/Headers -I/Users/runner/Library/Developer/Xcode/DerivedData/DeviceMaintenance-flyuwdobxekbtzdsqajzqyikscoo/Build/Intermediates.noindex/ArchiveIntermediates/DeviceMaintenance/IntermediateBuildFilesPath/DeviceMaintenance.build/Release-iphoneos/DeviceMaintenance.build/DerivedSources-normal/arm64 -I/Users/runner/Library/Developer/Xcode/DerivedData/DeviceMaintenance-flyuwdobxekbtzdsqajzqyikscoo/Build/Intermediates.noindex/ArchiveIntermediates/DeviceMaintenance/IntermediateBuildFilesPath/DeviceMaintenance.build/Release-iphoneos/DeviceMaintenance.build/DerivedSources/arm64 -I/Users/runner/Library/Developer/Xcode/DerivedData/DeviceMaintenance-flyuwdobxekbtzdsqajzqyikscoo/Build/Intermediates.noindex/ArchiveIntermediates/DeviceMaintenance/IntermediateBuildFilesPath/DeviceMaintenance.build/Release-iphoneos/DeviceMaintenance.build/DerivedSources -F/Users/runner/Library/Developer/Xcode/DerivedData/DeviceMaintenance-flyuwdobxekbtzdsqajzqyikscoo/Build/Intermediates.noindex/ArchiveIntermediates/DeviceMaintenance/BuildProductsPath/Release-iphoneos -F/Users/runner/Library/Developer/Xcode/DerivedData/DeviceMaintenance-flyuwdobxekbtzdsqajzqyikscoo/Build/Intermediates.noindex/ArchiveIntermediates/DeviceMaintenance/BuildProductsPath/Release-iphoneos/SubscriptionKit -F/Users/runner/work/Device_Maintenance/Device_Maintenance/Pods/UMAPM/UMAPM_2.0.7 -F/Users/runner/work/Device_Maintenance/Device_Maintenance/Pods/UMCommon/UMCommon_7.5.8 -F/Users/runner/work/Device_Maintenance/Device_Maintenance/Pods/UMDevice/UMDevice_3.5.0 -F/Users/runner/Library/Developer/Xcode/DerivedData/DeviceMaintenance-flyuwdobxekbtzdsqajzqyikscoo/Build/Intermediates.noindex/ArchiveIntermediates/DeviceMaintenance/BuildProductsPath/Release-iphoneos/XCFrameworkIntermediates/UMAPM -F/Users/runner/Library/Developer/Xcode/DerivedData/DeviceMaintenance-flyuwdobxekbtzdsqajzqyikscoo/Build/Intermediates.noindex/ArchiveIntermediates/DeviceMaintenance/BuildProductsPath/Release-iphoneos/XCFrameworkIntermediates/UMCommon -F/Users/runner/Library/Developer/Xcode/DerivedData/DeviceMaintenance-flyuwdobxekbtzdsqajzqyikscoo/Build/Intermediates.noindex/ArchiveIntermediates/DeviceMaintenance/BuildProductsPath/Release-iphoneos/XCFrameworkIntermediates/UMDevice

WriteAuxiliaryFile /Users/runner/Library/Developer/Xcode/DerivedData/DeviceMaintenance-flyuwdobxekbtzdsqajzqyikscoo/Build/Intermediates.noindex/ArchiveIntermediates/DeviceMaintenance/IntermediateBuildFilesPath/DeviceMaintenance.build/Release-iphoneos/DeviceMaintenance.build/DeviceMaintenance.hmap (in target 'DeviceMaintenance' from project 'DeviceMaintenance')
    cd /Users/runner/work/Device_Maintenance/Device_Maintenance
    write-file /Users/runner/Library/Developer/Xcode/DerivedData/DeviceMaintenance-flyuwdobxekbtzdsqajzqyikscoo/Build/Intermediates.noindex/ArchiveIntermediates/DeviceMaintenance/IntermediateBuildFilesPath/DeviceMaintenance.build/Release-iphoneos/DeviceMaintenance.build/DeviceMaintenance.hmap

WriteAuxiliaryFile /Users/runner/Library/Developer/Xcode/DerivedData/DeviceMaintenance-flyuwdobxekbtzdsqajzqyikscoo/Build/Intermediates.noindex/ArchiveIntermediates/DeviceMaintenance/IntermediateBuildFilesPath/DeviceMaintenance.build/Release-iphoneos/DeviceMaintenance.build/DeviceMaintenance.DependencyStaticMetadataFileList (in target 'DeviceMaintenance' from project 'DeviceMaintenance')
    cd /Users/runner/work/Device_Maintenance/Device_Maintenance
    write-file /Users/runner/Library/Developer/Xcode/DerivedData/DeviceMaintenance-flyuwdobxekbtzdsqajzqyikscoo/Build/Intermediates.noindex/ArchiveIntermediates/DeviceMaintenance/IntermediateBuildFilesPath/DeviceMaintenance.build/Release-iphoneos/DeviceMaintenance.build/DeviceMaintenance.DependencyStaticMetadataFileList

WriteAuxiliaryFile /Users/runner/Library/Developer/Xcode/DerivedData/DeviceMaintenance-flyuwdobxekbtzdsqajzqyikscoo/Build/Intermediates.noindex/ArchiveIntermediates/DeviceMaintenance/IntermediateBuildFilesPath/DeviceMaintenance.build/Release-iphoneos/DeviceMaintenance.build/DeviceMaintenance.DependencyMetadataFileList (in target 'DeviceMaintenance' from project 'DeviceMaintenance')
    cd /Users/runner/work/Device_Maintenance/Device_Maintenance
    write-file /Users/runner/Library/Developer/Xcode/DerivedData/DeviceMaintenance-flyuwdobxekbtzdsqajzqyikscoo/Build/Intermediates.noindex/ArchiveIntermediates/DeviceMaintenance/IntermediateBuildFilesPath/DeviceMaintenance.build/Release-iphoneos/DeviceMaintenance.build/DeviceMaintenance.DependencyMetadataFileList

WriteAuxiliaryFile /Users/runner/Library/Developer/Xcode/DerivedData/DeviceMaintenance-flyuwdobxekbtzdsqajzqyikscoo/Build/Intermediates.noindex/ArchiveIntermediates/DeviceMaintenance/IntermediateBuildFilesPath/DeviceMaintenance.build/Release-iphoneos/DeviceMaintenance.build/DeviceMaintenance-project-headers.hmap (in target 'DeviceMaintenance' from project 'DeviceMaintenance')
    cd /Users/runner/work/Device_Maintenance/Device_Maintenance
    write-file /Users/runner/Library/Developer/Xcode/DerivedData/DeviceMaintenance-flyuwdobxekbtzdsqajzqyikscoo/Build/Intermediates.noindex/ArchiveIntermediates/DeviceMaintenance/IntermediateBuildFilesPath/DeviceMaintenance.build/Release-iphoneos/DeviceMaintenance.build/DeviceMaintenance-project-headers.hmap

WriteAuxiliaryFile /Users/runner/Library/Developer/Xcode/DerivedData/DeviceMaintenance-flyuwdobxekbtzdsqajzqyikscoo/Build/Intermediates.noindex/ArchiveIntermediates/DeviceMaintenance/IntermediateBuildFilesPath/DeviceMaintenance.build/Release-iphoneos/DeviceMaintenance.build/DeviceMaintenance-own-target-headers.hmap (in target 'DeviceMaintenance' from project 'DeviceMaintenance')
    cd /Users/runner/work/Device_Maintenance/Device_Maintenance
    write-file /Users/runner/Library/Developer/Xcode/DerivedData/DeviceMaintenance-flyuwdobxekbtzdsqajzqyikscoo/Build/Intermediates.noindex/ArchiveIntermediates/DeviceMaintenance/IntermediateBuildFilesPath/DeviceMaintenance.build/Release-iphoneos/DeviceMaintenance.build/DeviceMaintenance-own-target-headers.hmap

WriteAuxiliaryFile /Users/runner/Library/Developer/Xcode/DerivedData/DeviceMaintenance-flyuwdobxekbtzdsqajzqyikscoo/Build/Intermediates.noindex/ArchiveIntermediates/DeviceMaintenance/IntermediateBuildFilesPath/DeviceMaintenance.build/Release-iphoneos/DeviceMaintenance.build/DeviceMaintenance-generated-files.hmap (in target 'DeviceMaintenance' from project 'DeviceMaintenance')
    cd /Users/runner/work/Device_Maintenance/Device_Maintenance
    write-file /Users/runner/Library/Developer/Xcode/DerivedData/DeviceMaintenance-flyuwdobxekbtzdsqajzqyikscoo/Build/Intermediates.noindex/ArchiveIntermediates/DeviceMaintenance/IntermediateBuildFilesPath/DeviceMaintenance.build/Release-iphoneos/DeviceMaintenance.build/DeviceMaintenance-generated-files.hmap

WriteAuxiliaryFile /Users/runner/Library/Developer/Xcode/DerivedData/DeviceMaintenance-flyuwdobxekbtzdsqajzqyikscoo/Build/Intermediates.noindex/ArchiveIntermediates/DeviceMaintenance/IntermediateBuildFilesPath/DeviceMaintenance.build/Release-iphoneos/DeviceMaintenance.build/DeviceMaintenance-all-target-headers.hmap (in target 'DeviceMaintenance' from project 'DeviceMaintenance')
    cd /Users/runner/work/Device_Maintenance/Device_Maintenance
    write-file /Users/runner/Library/Developer/Xcode/DerivedData/DeviceMaintenance-flyuwdobxekbtzdsqajzqyikscoo/Build/Intermediates.noindex/ArchiveIntermediates/DeviceMaintenance/IntermediateBuildFilesPath/DeviceMaintenance.build/Release-iphoneos/DeviceMaintenance.build/DeviceMaintenance-all-target-headers.hmap

WriteAuxiliaryFile /Users/runner/Library/Developer/Xcode/DerivedData/DeviceMaintenance-flyuwdobxekbtzdsqajzqyikscoo/Build/Intermediates.noindex/ArchiveIntermediates/DeviceMaintenance/IntermediateBuildFilesPath/DeviceMaintenance.build/Release-iphoneos/DeviceMaintenance.build/DeviceMaintenance-all-non-framework-target-headers.hmap (in target 'DeviceMaintenance' from project 'DeviceMaintenance')
    cd /Users/runner/work/Device_Maintenance/Device_Maintenance
    write-file /Users/runner/Library/Developer/Xcode/DerivedData/DeviceMaintenance-flyuwdobxekbtzdsqajzqyikscoo/Build/Intermediates.noindex/ArchiveIntermediates/DeviceMaintenance/IntermediateBuildFilesPath/DeviceMaintenance.build/Release-iphoneos/DeviceMaintenance.build/DeviceMaintenance-all-non-framework-target-headers.hmap

WriteAuxiliaryFile /Users/runner/Library/Developer/Xcode/DerivedData/DeviceMaintenance-flyuwdobxekbtzdsqajzqyikscoo/Build/Intermediates.noindex/ArchiveIntermediates/DeviceMaintenance/IntermediateBuildFilesPath/DeviceMaintenance.build/Release-iphoneos/DeviceMaintenance.build/DerivedSources/Entitlements.plist (in target 'DeviceMaintenance' from project 'DeviceMaintenance')
    cd /Users/runner/work/Device_Maintenance/Device_Maintenance
    write-file /Users/runner/Library/Developer/Xcode/DerivedData/DeviceMaintenance-flyuwdobxekbtzdsqajzqyikscoo/Build/Intermediates.noindex/ArchiveIntermediates/DeviceMaintenance/IntermediateBuildFilesPath/DeviceMaintenance.build/Release-iphoneos/DeviceMaintenance.build/DerivedSources/Entitlements.plist

WriteAuxiliaryFile /Users/runner/Library/Developer/Xcode/DerivedData/DeviceMaintenance-flyuwdobxekbtzdsqajzqyikscoo/Build/Intermediates.noindex/ArchiveIntermediates/DeviceMaintenance/IntermediateBuildFilesPath/DeviceMaintenance.build/Release-iphoneos/DeviceMaintenance.build/DerivedSources/DeviceMaintenance_vers.c (in target 'DeviceMaintenance' from project 'DeviceMaintenance')
    cd /Users/runner/work/Device_Maintenance/Device_Maintenance
    write-file /Users/runner/Library/Developer/Xcode/DerivedData/DeviceMaintenance-flyuwdobxekbtzdsqajzqyikscoo/Build/Intermediates.noindex/ArchiveIntermediates/DeviceMaintenance/IntermediateBuildFilesPath/DeviceMaintenance.build/Release-iphoneos/DeviceMaintenance.build/DerivedSources/DeviceMaintenance_vers.c

SymLink /Users/runner/Library/Developer/Xcode/DerivedData/DeviceMaintenance-flyuwdobxekbtzdsqajzqyikscoo/Build/Intermediates.noindex/ArchiveIntermediates/DeviceMaintenance/BuildProductsPath/Release-iphoneos/Pods_DeviceMaintenance.framework ../../IntermediateBuildFilesPath/UninstalledProducts/iphoneos/Pods_DeviceMaintenance.framework (in target 'Pods-DeviceMaintenance' from project 'Pods')
    cd /Users/runner/work/Device_Maintenance/Device_Maintenance/Pods
    /bin/ln -sfh ../../IntermediateBuildFilesPath/UninstalledProducts/iphoneos/Pods_DeviceMaintenance.framework /Users/runner/Library/Developer/Xcode/DerivedData/DeviceMaintenance-flyuwdobxekbtzdsqajzqyikscoo/Build/Intermediates.noindex/ArchiveIntermediates/DeviceMaintenance/BuildProductsPath/Release-iphoneos/Pods_DeviceMaintenance.framework

MkDir /Users/runner/Library/Developer/Xcode/DerivedData/DeviceMaintenance-flyuwdobxekbtzdsqajzqyikscoo/Build/Intermediates.noindex/ArchiveIntermediates/DeviceMaintenance/IntermediateBuildFilesPath/UninstalledProducts/iphoneos/Pods_DeviceMaintenance.framework/Headers (in target 'Pods-DeviceMaintenance' from project 'Pods')
    cd /Users/runner/work/Device_Maintenance/Device_Maintenance/Pods
    /bin/mkdir -p /Users/runner/Library/Developer/Xcode/DerivedData/DeviceMaintenance-flyuwdobxekbtzdsqajzqyikscoo/Build/Intermediates.noindex/ArchiveIntermediates/DeviceMaintenance/IntermediateBuildFilesPath/UninstalledProducts/iphoneos/Pods_DeviceMaintenance.framework/Headers

MkDir /Users/runner/Library/Developer/Xcode/DerivedData/DeviceMaintenance-flyuwdobxekbtzdsqajzqyikscoo/Build/Intermediates.noindex/ArchiveIntermediates/DeviceMaintenance/IntermediateBuildFilesPath/UninstalledProducts/iphoneos/Pods_DeviceMaintenance.framework (in target 'Pods-DeviceMaintenance' from project 'Pods')
    cd /Users/runner/work/Device_Maintenance/Device_Maintenance/Pods
    /bin/mkdir -p /Users/runner/Library/Developer/Xcode/DerivedData/DeviceMaintenance-flyuwdobxekbtzdsqajzqyikscoo/Build/Intermediates.noindex/ArchiveIntermediates/DeviceMaintenance/IntermediateBuildFilesPath/UninstalledProducts/iphoneos/Pods_DeviceMaintenance.framework

SymLink /Users/runner/Library/Developer/Xcode/DerivedData/DeviceMaintenance-flyuwdobxekbtzdsqajzqyikscoo/Build/Intermediates.noindex/ArchiveIntermediates/DeviceMaintenance/BuildProductsPath/Release-iphoneos/DeviceMaintenance.app ../../InstallationBuildProductsLocation/Applications/DeviceMaintenance.app (in target 'DeviceMaintenance' from project 'DeviceMaintenance')
    cd /Users/runner/work/Device_Maintenance/Device_Maintenance
    /bin/ln -sfh ../../InstallationBuildProductsLocation/Applications/DeviceMaintenance.app /Users/runner/Library/Developer/Xcode/DerivedData/DeviceMaintenance-flyuwdobxekbtzdsqajzqyikscoo/Build/Intermediates.noindex/ArchiveIntermediates/DeviceMaintenance/BuildProductsPath/Release-iphoneos/DeviceMaintenance.app

MkDir /Users/runner/Library/Developer/Xcode/DerivedData/DeviceMaintenance-flyuwdobxekbtzdsqajzqyikscoo/Build/Intermediates.noindex/ArchiveIntermediates/DeviceMaintenance/InstallationBuildProductsLocation/Applications/DeviceMaintenance.app (in target 'DeviceMaintenance' from project 'DeviceMaintenance')
    cd /Users/runner/work/Device_Maintenance/Device_Maintenance
    /bin/mkdir -p /Users/runner/Library/Developer/Xcode/DerivedData/DeviceMaintenance-flyuwdobxekbtzdsqajzqyikscoo/Build/Intermediates.noindex/ArchiveIntermediates/DeviceMaintenance/InstallationBuildProductsLocation/Applications/DeviceMaintenance.app

CreateBuildDirectory /Users/runner/Library/Developer/Xcode/DerivedData/DeviceMaintenance-flyuwdobxekbtzdsqajzqyikscoo/Build/Intermediates.noindex/ArchiveIntermediates/DeviceMaintenance/BuildProductsPath/Release-iphoneos/UMCommon
    cd /Users/runner/work/Device_Maintenance/Device_Maintenance
    builtin-create-build-directory /Users/runner/Library/Developer/Xcode/DerivedData/DeviceMaintenance-flyuwdobxekbtzdsqajzqyikscoo/Build/Intermediates.noindex/ArchiveIntermediates/DeviceMaintenance/BuildProductsPath/Release-iphoneos/UMCommon

CreateBuildDirectory /Users/runner/Library/Developer/Xcode/DerivedData/DeviceMaintenance-flyuwdobxekbtzdsqajzqyikscoo/Build/Intermediates.noindex/ArchiveIntermediates/DeviceMaintenance/BuildProductsPath/Release-iphoneos/UMAPM
    cd /Users/runner/work/Device_Maintenance/Device_Maintenance
    builtin-create-build-directory /Users/runner/Library/Developer/Xcode/DerivedData/DeviceMaintenance-flyuwdobxekbtzdsqajzqyikscoo/Build/Intermediates.noindex/ArchiveIntermediates/DeviceMaintenance/BuildProductsPath/Release-iphoneos/UMAPM

CreateBuildDirectory /Users/runner/Library/Developer/Xcode/DerivedData/DeviceMaintenance-flyuwdobxekbtzdsqajzqyikscoo/Build/Intermediates.noindex/ArchiveIntermediates/DeviceMaintenance/BuildProductsPath/Release-iphoneos/SubscriptionKit
    cd /Users/runner/work/Device_Maintenance/Device_Maintenance
    builtin-create-build-directory /Users/runner/Library/Developer/Xcode/DerivedData/DeviceMaintenance-flyuwdobxekbtzdsqajzqyikscoo/Build/Intermediates.noindex/ArchiveIntermediates/DeviceMaintenance/BuildProductsPath/Release-iphoneos/SubscriptionKit

WriteAuxiliaryFile /Users/runner/Library/Developer/Xcode/DerivedData/DeviceMaintenance-flyuwdobxekbtzdsqajzqyikscoo/Build/Intermediates.noindex/ArchiveIntermediates/DeviceMaintenance/IntermediateBuildFilesPath/Pods.build/Release-iphoneos/SubscriptionKit.build/unextended-module-swiftunextension.modulemap (in target 'SubscriptionKit' from project 'Pods')
    cd /Users/runner/work/Device_Maintenance/Device_Maintenance/Pods
    write-file /Users/runner/Library/Developer/Xcode/DerivedData/DeviceMaintenance-flyuwdobxekbtzdsqajzqyikscoo/Build/Intermediates.noindex/ArchiveIntermediates/DeviceMaintenance/IntermediateBuildFilesPath/Pods.build/Release-iphoneos/SubscriptionKit.build/unextended-module-swiftunextension.modulemap

WriteAuxiliaryFile /Users/runner/Library/Developer/Xcode/DerivedData/DeviceMaintenance-flyuwdobxekbtzdsqajzqyikscoo/Build/Intermediates.noindex/ArchiveIntermediates/DeviceMaintenance/IntermediateBuildFilesPath/Pods.build/Release-iphoneos/SubscriptionKit.build/unextended-module-overlay.yaml (in target 'SubscriptionKit' from project 'Pods')
    cd /Users/runner/work/Device_Maintenance/Device_Maintenance/Pods
    write-file /Users/runner/Library/Developer/Xcode/DerivedData/DeviceMaintenance-flyuwdobxekbtzdsqajzqyikscoo/Build/Intermediates.noindex/ArchiveIntermediates/DeviceMaintenance/IntermediateBuildFilesPath/Pods.build/Release-iphoneos/SubscriptionKit.build/unextended-module-overlay.yaml

WriteAuxiliaryFile /Users/runner/Library/Developer/Xcode/DerivedData/DeviceMaintenance-flyuwdobxekbtzdsqajzqyikscoo/Build/Intermediates.noindex/ArchiveIntermediates/DeviceMaintenance/IntermediateBuildFilesPath/Pods.build/Release-iphoneos/SubscriptionKit.build/module-swiftextension.modulemap (in target 'SubscriptionKit' from project 'Pods')
    cd /Users/runner/work/Device_Maintenance/Device_Maintenance/Pods
    write-file /Users/runner/Library/Developer/Xcode/DerivedData/DeviceMaintenance-flyuwdobxekbtzdsqajzqyikscoo/Build/Intermediates.noindex/ArchiveIntermediates/DeviceMaintenance/IntermediateBuildFilesPath/Pods.build/Release-iphoneos/SubscriptionKit.build/module-swiftextension.modulemap

WriteAuxiliaryFile /Users/runner/Library/Developer/Xcode/DerivedData/DeviceMaintenance-flyuwdobxekbtzdsqajzqyikscoo/Build/Intermediates.noindex/ArchiveIntermediates/DeviceMaintenance/IntermediateBuildFilesPath/Pods.build/Release-iphoneos/SubscriptionKit.build/SubscriptionKit.hmap (in target 'SubscriptionKit' from project 'Pods')
    cd /Users/runner/work/Device_Maintenance/Device_Maintenance/Pods
    write-file /Users/runner/Library/Developer/Xcode/DerivedData/DeviceMaintenance-flyuwdobxekbtzdsqajzqyikscoo/Build/Intermediates.noindex/ArchiveIntermediates/DeviceMaintenance/IntermediateBuildFilesPath/Pods.build/Release-iphoneos/SubscriptionKit.build/SubscriptionKit.hmap

WriteAuxiliaryFile /Users/runner/Library/Developer/Xcode/DerivedData/DeviceMaintenance-flyuwdobxekbtzdsqajzqyikscoo/Build/Intermediates.noindex/ArchiveIntermediates/DeviceMaintenance/IntermediateBuildFilesPath/Pods.build/Release-iphoneos/SubscriptionKit.build/SubscriptionKit.DependencyStaticMetadataFileList (in target 'SubscriptionKit' from project 'Pods')
    cd /Users/runner/work/Device_Maintenance/Device_Maintenance/Pods
    write-file /Users/runner/Library/Developer/Xcode/DerivedData/DeviceMaintenance-flyuwdobxekbtzdsqajzqyikscoo/Build/Intermediates.noindex/ArchiveIntermediates/DeviceMaintenance/IntermediateBuildFilesPath/Pods.build/Release-iphoneos/SubscriptionKit.build/SubscriptionKit.DependencyStaticMetadataFileList

WriteAuxiliaryFile /Users/runner/Library/Developer/Xcode/DerivedData/DeviceMaintenance-flyuwdobxekbtzdsqajzqyikscoo/Build/Intermediates.noindex/ArchiveIntermediates/DeviceMaintenance/IntermediateBuildFilesPath/Pods.build/Release-iphoneos/SubscriptionKit.build/SubscriptionKit.DependencyMetadataFileList (in target 'SubscriptionKit' from project 'Pods')
    cd /Users/runner/work/Device_Maintenance/Device_Maintenance/Pods
    write-file /Users/runner/Library/Developer/Xcode/DerivedData/DeviceMaintenance-flyuwdobxekbtzdsqajzqyikscoo/Build/Intermediates.noindex/ArchiveIntermediates/DeviceMaintenance/IntermediateBuildFilesPath/Pods.build/Release-iphoneos/SubscriptionKit.build/SubscriptionKit.DependencyMetadataFileList

WriteAuxiliaryFile /Users/runner/Library/Developer/Xcode/DerivedData/DeviceMaintenance-flyuwdobxekbtzdsqajzqyikscoo/Build/Intermediates.noindex/ArchiveIntermediates/DeviceMaintenance/IntermediateBuildFilesPath/Pods.build/Release-iphoneos/SubscriptionKit.build/SubscriptionKit-project-headers.hmap (in target 'SubscriptionKit' from project 'Pods')
    cd /Users/runner/work/Device_Maintenance/Device_Maintenance/Pods
    write-file /Users/runner/Library/Developer/Xcode/DerivedData/DeviceMaintenance-flyuwdobxekbtzdsqajzqyikscoo/Build/Intermediates.noindex/ArchiveIntermediates/DeviceMaintenance/IntermediateBuildFilesPath/Pods.build/Release-iphoneos/SubscriptionKit.build/SubscriptionKit-project-headers.hmap

WriteAuxiliaryFile /Users/runner/Library/Developer/Xcode/DerivedData/DeviceMaintenance-flyuwdobxekbtzdsqajzqyikscoo/Build/Intermediates.noindex/ArchiveIntermediates/DeviceMaintenance/IntermediateBuildFilesPath/Pods.build/Release-iphoneos/SubscriptionKit.build/SubscriptionKit-own-target-headers.hmap (in target 'SubscriptionKit' from project 'Pods')
    cd /Users/runner/work/Device_Maintenance/Device_Maintenance/Pods
    write-file /Users/runner/Library/Developer/Xcode/DerivedData/DeviceMaintenance-flyuwdobxekbtzdsqajzqyikscoo/Build/Intermediates.noindex/ArchiveIntermediates/DeviceMaintenance/IntermediateBuildFilesPath/Pods.build/Release-iphoneos/SubscriptionKit.build/SubscriptionKit-own-target-headers.hmap

WriteAuxiliaryFile /Users/runner/Library/Developer/Xcode/DerivedData/DeviceMaintenance-flyuwdobxekbtzdsqajzqyikscoo/Build/Intermediates.noindex/ArchiveIntermediates/DeviceMaintenance/IntermediateBuildFilesPath/Pods.build/Release-iphoneos/SubscriptionKit.build/SubscriptionKit-generated-files.hmap (in target 'SubscriptionKit' from project 'Pods')
    cd /Users/runner/work/Device_Maintenance/Device_Maintenance/Pods
    write-file /Users/runner/Library/Developer/Xcode/DerivedData/DeviceMaintenance-flyuwdobxekbtzdsqajzqyikscoo/Build/Intermediates.noindex/ArchiveIntermediates/DeviceMaintenance/IntermediateBuildFilesPath/Pods.build/Release-iphoneos/SubscriptionKit.build/SubscriptionKit-generated-files.hmap

WriteAuxiliaryFile /Users/runner/Library/Developer/Xcode/DerivedData/DeviceMaintenance-flyuwdobxekbtzdsqajzqyikscoo/Build/Intermediates.noindex/ArchiveIntermediates/DeviceMaintenance/IntermediateBuildFilesPath/Pods.build/Release-iphoneos/SubscriptionKit.build/SubscriptionKit-all-target-headers.hmap (in target 'SubscriptionKit' from project 'Pods')
    cd /Users/runner/work/Device_Maintenance/Device_Maintenance/Pods
    write-file /Users/runner/Library/Developer/Xcode/DerivedData/DeviceMaintenance-flyuwdobxekbtzdsqajzqyikscoo/Build/Intermediates.noindex/ArchiveIntermediates/DeviceMaintenance/IntermediateBuildFilesPath/Pods.build/Release-iphoneos/SubscriptionKit.build/SubscriptionKit-all-target-headers.hmap

WriteAuxiliaryFile /Users/runner/Library/Developer/Xcode/DerivedData/DeviceMaintenance-flyuwdobxekbtzdsqajzqyikscoo/Build/Intermediates.noindex/ArchiveIntermediates/DeviceMaintenance/IntermediateBuildFilesPath/Pods.build/Release-iphoneos/SubscriptionKit.build/SubscriptionKit-all-non-framework-target-headers.hmap (in target 'SubscriptionKit' from project 'Pods')
    cd /Users/runner/work/Device_Maintenance/Device_Maintenance/Pods
    write-file /Users/runner/Library/Developer/Xcode/DerivedData/DeviceMaintenance-flyuwdobxekbtzdsqajzqyikscoo/Build/Intermediates.noindex/ArchiveIntermediates/DeviceMaintenance/IntermediateBuildFilesPath/Pods.build/Release-iphoneos/SubscriptionKit.build/SubscriptionKit-all-non-framework-target-headers.hmap

WriteAuxiliaryFile /Users/runner/Library/Developer/Xcode/DerivedData/DeviceMaintenance-flyuwdobxekbtzdsqajzqyikscoo/Build/Intermediates.noindex/ArchiveIntermediates/DeviceMaintenance/IntermediateBuildFilesPath/Pods.build/Release-iphoneos/SubscriptionKit.build/Objects-normal/arm64/e6072d4f65d7061329687fe24e3d63a7-common-args.resp (in target 'SubscriptionKit' from project 'Pods')
    cd /Users/runner/work/Device_Maintenance/Device_Maintenance/Pods
    write-file /Users/runner/Library/Developer/Xcode/DerivedData/DeviceMaintenance-flyuwdobxekbtzdsqajzqyikscoo/Build/Intermediates.noindex/ArchiveIntermediates/DeviceMaintenance/IntermediateBuildFilesPath/Pods.build/Release-iphoneos/SubscriptionKit.build/Objects-normal/arm64/e6072d4f65d7061329687fe24e3d63a7-common-args.resp
-target arm64-apple-ios15.0 '-std=gnu11' -fobjc-arc -fmodules -gmodules '-fmodules-cache-path=/Users/runner/Library/Developer/Xcode/DerivedData/ModuleCache.noindex' '-fmodule-name=SubscriptionKit' -fpascal-strings -Os -fno-common '-DPOD_CONFIGURATION_RELEASE=1' '-DCOCOAPODS=1' '-DNS_BLOCK_ASSERTIONS=1' '-DOBJC_OLD_DISPATCH_PROTOTYPES=0' -isysroot /Applications/Xcode_16.4.app/Contents/Developer/Platforms/iPhoneOS.platform/Developer/SDKs/iPhoneOS18.5.sdk -g -iquote /Users/runner/Library/Developer/Xcode/DerivedData/DeviceMaintenance-flyuwdobxekbtzdsqajzqyikscoo/Build/Intermediates.noindex/ArchiveIntermediates/DeviceMaintenance/IntermediateBuildFilesPath/Pods.build/Release-iphoneos/SubscriptionKit.build/SubscriptionKit-generated-files.hmap -I/Users/runner/Library/Developer/Xcode/DerivedData/DeviceMaintenance-flyuwdobxekbtzdsqajzqyikscoo/Build/Intermediates.noindex/ArchiveIntermediates/DeviceMaintenance/IntermediateBuildFilesPath/Pods.build/Release-iphoneos/SubscriptionKit.build/SubscriptionKit-own-target-headers.hmap -I/Users/runner/Library/Developer/Xcode/DerivedData/DeviceMaintenance-flyuwdobxekbtzdsqajzqyikscoo/Build/Intermediates.noindex/ArchiveIntermediates/DeviceMaintenance/IntermediateBuildFilesPath/Pods.build/Release-iphoneos/SubscriptionKit.build/SubscriptionKit-all-non-framework-target-headers.hmap -ivfsoverlay /Users/runner/Library/Developer/Xcode/DerivedData/DeviceMaintenance-flyuwdobxekbtzdsqajzqyikscoo/Build/Intermediates.noindex/ArchiveIntermediates/DeviceMaintenance/IntermediateBuildFilesPath/Pods.build/Release-iphoneos/Pods-8699adb1dd336b26511df848a716bd42-VFS-iphoneos/all-product-headers.yaml -iquote /Users/runner/Library/Developer/Xcode/DerivedData/DeviceMaintenance-flyuwdobxekbtzdsqajzqyikscoo/Build/Intermediates.noindex/ArchiveIntermediates/DeviceMaintenance/IntermediateBuildFilesPath/Pods.build/Release-iphoneos/SubscriptionKit.build/SubscriptionKit-project-headers.hmap -I/Users/runner/Library/Developer/Xcode/DerivedData/DeviceMaintenance-flyuwdobxekbtzdsqajzqyikscoo/Build/Intermediates.noindex/ArchiveIntermediates/DeviceMaintenance/BuildProductsPath/Release-iphoneos/SubscriptionKit/include -I/Users/runner/Library/Developer/Xcode/DerivedData/DeviceMaintenance-flyuwdobxekbtzdsqajzqyikscoo/Build/Intermediates.noindex/ArchiveIntermediates/DeviceMaintenance/IntermediateBuildFilesPath/Pods.build/Release-iphoneos/SubscriptionKit.build/DerivedSources-normal/arm64 -I/Users/runner/Library/Developer/Xcode/DerivedData/DeviceMaintenance-flyuwdobxekbtzdsqajzqyikscoo/Build/Intermediates.noindex/ArchiveIntermediates/DeviceMaintenance/IntermediateBuildFilesPath/Pods.build/Release-iphoneos/SubscriptionKit.build/DerivedSources/arm64 -I/Users/runner/Library/Developer/Xcode/DerivedData/DeviceMaintenance-flyuwdobxekbtzdsqajzqyikscoo/Build/Intermediates.noindex/ArchiveIntermediates/DeviceMaintenance/IntermediateBuildFilesPath/Pods.build/Release-iphoneos/SubscriptionKit.build/DerivedSources -F/Users/runner/Library/Developer/Xcode/DerivedData/DeviceMaintenance-flyuwdobxekbtzdsqajzqyikscoo/Build/Intermediates.noindex/ArchiveIntermediates/DeviceMaintenance/BuildProductsPath/Release-iphoneos/SubscriptionKit -F/Users/runner/work/Device_Maintenance/Device_Maintenance/Pods/UMAPM/UMAPM_2.0.7 -F/Users/runner/work/Device_Maintenance/Device_Maintenance/Pods/UMCommon/UMCommon_7.5.8 -F/Users/runner/work/Device_Maintenance/Device_Maintenance/Pods/UMDevice/UMDevice_3.5.0 -F/Users/runner/Library/Developer/Xcode/DerivedData/DeviceMaintenance-flyuwdobxekbtzdsqajzqyikscoo/Build/Intermediates.noindex/ArchiveIntermediates/DeviceMaintenance/BuildProductsPath/Release-iphoneos/XCFrameworkIntermediates/UMAPM -F/Users/runner/Library/Developer/Xcode/DerivedData/DeviceMaintenance-flyuwdobxekbtzdsqajzqyikscoo/Build/Intermediates.noindex/ArchiveIntermediates/DeviceMaintenance/BuildProductsPath/Release-iphoneos/XCFrameworkIntermediates/UMCommon -F/Users/runner/Library/Developer/Xcode/DerivedData/DeviceMaintenance-flyuwdobxekbtzdsqajzqyikscoo/Build/Intermediates.noindex/ArchiveIntermediates/DeviceMaintenance/BuildProductsPath/Release-iphoneos/XCFrameworkIntermediates/UMDevice

WriteAuxiliaryFile /Users/runner/Library/Developer/Xcode/DerivedData/DeviceMaintenance-flyuwdobxekbtzdsqajzqyikscoo/Build/Intermediates.noindex/ArchiveIntermediates/DeviceMaintenance/IntermediateBuildFilesPath/Pods.build/Release-iphoneos/SubscriptionKit.build/Objects-normal/arm64/SubscriptionKit_const_extract_protocols.json (in target 'SubscriptionKit' from project 'Pods')
    cd /Users/runner/work/Device_Maintenance/Device_Maintenance/Pods
    write-file /Users/runner/Library/Developer/Xcode/DerivedData/DeviceMaintenance-flyuwdobxekbtzdsqajzqyikscoo/Build/Intermediates.noindex/ArchiveIntermediates/DeviceMaintenance/IntermediateBuildFilesPath/Pods.build/Release-iphoneos/SubscriptionKit.build/Objects-normal/arm64/SubscriptionKit_const_extract_protocols.json

WriteAuxiliaryFile /Users/runner/Library/Developer/Xcode/DerivedData/DeviceMaintenance-flyuwdobxekbtzdsqajzqyikscoo/Build/Intermediates.noindex/ArchiveIntermediates/DeviceMaintenance/IntermediateBuildFilesPath/Pods.build/Release-iphoneos/SubscriptionKit.build/Objects-normal/arm64/SubscriptionKit.SwiftFileList (in target 'SubscriptionKit' from project 'Pods')
    cd /Users/runner/work/Device_Maintenance/Device_Maintenance/Pods
    write-file /Users/runner/Library/Developer/Xcode/DerivedData/DeviceMaintenance-flyuwdobxekbtzdsqajzqyikscoo/Build/Intermediates.noindex/ArchiveIntermediates/DeviceMaintenance/IntermediateBuildFilesPath/Pods.build/Release-iphoneos/SubscriptionKit.build/Objects-normal/arm64/SubscriptionKit.SwiftFileList

WriteAuxiliaryFile /Users/runner/Library/Developer/Xcode/DerivedData/DeviceMaintenance-flyuwdobxekbtzdsqajzqyikscoo/Build/Intermediates.noindex/ArchiveIntermediates/DeviceMaintenance/IntermediateBuildFilesPath/Pods.build/Release-iphoneos/SubscriptionKit.build/Objects-normal/arm64/SubscriptionKit.SwiftConstValuesFileList (in target 'SubscriptionKit' from project 'Pods')
    cd /Users/runner/work/Device_Maintenance/Device_Maintenance/Pods
    write-file /Users/runner/Library/Developer/Xcode/DerivedData/DeviceMaintenance-flyuwdobxekbtzdsqajzqyikscoo/Build/Intermediates.noindex/ArchiveIntermediates/DeviceMaintenance/IntermediateBuildFilesPath/Pods.build/Release-iphoneos/SubscriptionKit.build/Objects-normal/arm64/SubscriptionKit.SwiftConstValuesFileList

WriteAuxiliaryFile /Users/runner/Library/Developer/Xcode/DerivedData/DeviceMaintenance-flyuwdobxekbtzdsqajzqyikscoo/Build/Intermediates.noindex/ArchiveIntermediates/DeviceMaintenance/IntermediateBuildFilesPath/Pods.build/Release-iphoneos/SubscriptionKit.build/Objects-normal/arm64/SubscriptionKit.LinkFileList (in target 'SubscriptionKit' from project 'Pods')
    cd /Users/runner/work/Device_Maintenance/Device_Maintenance/Pods
    write-file /Users/runner/Library/Developer/Xcode/DerivedData/DeviceMaintenance-flyuwdobxekbtzdsqajzqyikscoo/Build/Intermediates.noindex/ArchiveIntermediates/DeviceMaintenance/IntermediateBuildFilesPath/Pods.build/Release-iphoneos/SubscriptionKit.build/Objects-normal/arm64/SubscriptionKit.LinkFileList

WriteAuxiliaryFile /Users/runner/Library/Developer/Xcode/DerivedData/DeviceMaintenance-flyuwdobxekbtzdsqajzqyikscoo/Build/Intermediates.noindex/ArchiveIntermediates/DeviceMaintenance/IntermediateBuildFilesPath/Pods.build/Release-iphoneos/SubscriptionKit.build/Objects-normal/arm64/SubscriptionKit-OutputFileMap.json (in target 'SubscriptionKit' from project 'Pods')
    cd /Users/runner/work/Device_Maintenance/Device_Maintenance/Pods
    write-file /Users/runner/Library/Developer/Xcode/DerivedData/DeviceMaintenance-flyuwdobxekbtzdsqajzqyikscoo/Build/Intermediates.noindex/ArchiveIntermediates/DeviceMaintenance/IntermediateBuildFilesPath/Pods.build/Release-iphoneos/SubscriptionKit.build/Objects-normal/arm64/SubscriptionKit-OutputFileMap.json

WriteAuxiliaryFile /Users/runner/Library/Developer/Xcode/DerivedData/DeviceMaintenance-flyuwdobxekbtzdsqajzqyikscoo/Build/Intermediates.noindex/ArchiveIntermediates/DeviceMaintenance/IntermediateBuildFilesPath/Pods.build/Release-iphoneos/SubscriptionKit.build/Objects-normal/arm64/7187679823f38a2a940e0043cdf9d637-common-args.resp (in target 'SubscriptionKit' from project 'Pods')
    cd /Users/runner/work/Device_Maintenance/Device_Maintenance/Pods
    write-file /Users/runner/Library/Developer/Xcode/DerivedData/DeviceMaintenance-flyuwdobxekbtzdsqajzqyikscoo/Build/Intermediates.noindex/ArchiveIntermediates/DeviceMaintenance/IntermediateBuildFilesPath/Pods.build/Release-iphoneos/SubscriptionKit.build/Objects-normal/arm64/7187679823f38a2a940e0043cdf9d637-common-args.resp
-target arm64-apple-ios15.0 '-std=gnu11' -fmodules -gmodules '-fmodules-cache-path=/Users/runner/Library/Developer/Xcode/DerivedData/ModuleCache.noindex' '-fmodule-name=SubscriptionKit' -fpascal-strings -Os -fno-common '-DPOD_CONFIGURATION_RELEASE=1' '-DCOCOAPODS=1' -isysroot /Applications/Xcode_16.4.app/Contents/Developer/Platforms/iPhoneOS.platform/Developer/SDKs/iPhoneOS18.5.sdk -g -iquote /Users/runner/Library/Developer/Xcode/DerivedData/DeviceMaintenance-flyuwdobxekbtzdsqajzqyikscoo/Build/Intermediates.noindex/ArchiveIntermediates/DeviceMaintenance/IntermediateBuildFilesPath/Pods.build/Release-iphoneos/SubscriptionKit.build/SubscriptionKit-generated-files.hmap -I/Users/runner/Library/Developer/Xcode/DerivedData/DeviceMaintenance-flyuwdobxekbtzdsqajzqyikscoo/Build/Intermediates.noindex/ArchiveIntermediates/DeviceMaintenance/IntermediateBuildFilesPath/Pods.build/Release-iphoneos/SubscriptionKit.build/SubscriptionKit-own-target-headers.hmap -I/Users/runner/Library/Developer/Xcode/DerivedData/DeviceMaintenance-flyuwdobxekbtzdsqajzqyikscoo/Build/Intermediates.noindex/ArchiveIntermediates/DeviceMaintenance/IntermediateBuildFilesPath/Pods.build/Release-iphoneos/SubscriptionKit.build/SubscriptionKit-all-non-framework-target-headers.hmap -ivfsoverlay /Users/runner/Library/Developer/Xcode/DerivedData/DeviceMaintenance-flyuwdobxekbtzdsqajzqyikscoo/Build/Intermediates.noindex/ArchiveIntermediates/DeviceMaintenance/IntermediateBuildFilesPath/Pods.build/Release-iphoneos/Pods-8699adb1dd336b26511df848a716bd42-VFS-iphoneos/all-product-headers.yaml -iquote /Users/runner/Library/Developer/Xcode/DerivedData/DeviceMaintenance-flyuwdobxekbtzdsqajzqyikscoo/Build/Intermediates.noindex/ArchiveIntermediates/DeviceMaintenance/IntermediateBuildFilesPath/Pods.build/Release-iphoneos/SubscriptionKit.build/SubscriptionKit-project-headers.hmap -I/Users/runner/Library/Developer/Xcode/DerivedData/DeviceMaintenance-flyuwdobxekbtzdsqajzqyikscoo/Build/Intermediates.noindex/ArchiveIntermediates/DeviceMaintenance/BuildProductsPath/Release-iphoneos/SubscriptionKit/include -I/Users/runner/Library/Developer/Xcode/DerivedData/DeviceMaintenance-flyuwdobxekbtzdsqajzqyikscoo/Build/Intermediates.noindex/ArchiveIntermediates/DeviceMaintenance/IntermediateBuildFilesPath/Pods.build/Release-iphoneos/SubscriptionKit.build/DerivedSources-normal/arm64 -I/Users/runner/Library/Developer/Xcode/DerivedData/DeviceMaintenance-flyuwdobxekbtzdsqajzqyikscoo/Build/Intermediates.noindex/ArchiveIntermediates/DeviceMaintenance/IntermediateBuildFilesPath/Pods.build/Release-iphoneos/SubscriptionKit.build/DerivedSources/arm64 -I/Users/runner/Library/Developer/Xcode/DerivedData/DeviceMaintenance-flyuwdobxekbtzdsqajzqyikscoo/Build/Intermediates.noindex/ArchiveIntermediates/DeviceMaintenance/IntermediateBuildFilesPath/Pods.build/Release-iphoneos/SubscriptionKit.build/DerivedSources -F/Users/runner/Library/Developer/Xcode/DerivedData/DeviceMaintenance-flyuwdobxekbtzdsqajzqyikscoo/Build/Intermediates.noindex/ArchiveIntermediates/DeviceMaintenance/BuildProductsPath/Release-iphoneos/SubscriptionKit -F/Users/runner/work/Device_Maintenance/Device_Maintenance/Pods/UMAPM/UMAPM_2.0.7 -F/Users/runner/work/Device_Maintenance/Device_Maintenance/Pods/UMCommon/UMCommon_7.5.8 -F/Users/runner/work/Device_Maintenance/Device_Maintenance/Pods/UMDevice/UMDevice_3.5.0 -F/Users/runner/Library/Developer/Xcode/DerivedData/DeviceMaintenance-flyuwdobxekbtzdsqajzqyikscoo/Build/Intermediates.noindex/ArchiveIntermediates/DeviceMaintenance/BuildProductsPath/Release-iphoneos/XCFrameworkIntermediates/UMAPM -F/Users/runner/Library/Developer/Xcode/DerivedData/DeviceMaintenance-flyuwdobxekbtzdsqajzqyikscoo/Build/Intermediates.noindex/ArchiveIntermediates/DeviceMaintenance/BuildProductsPath/Release-iphoneos/XCFrameworkIntermediates/UMCommon -F/Users/runner/Library/Developer/Xcode/DerivedData/DeviceMaintenance-flyuwdobxekbtzdsqajzqyikscoo/Build/Intermediates.noindex/ArchiveIntermediates/DeviceMaintenance/BuildProductsPath/Release-iphoneos/XCFrameworkIntermediates/UMDevice

WriteAuxiliaryFile /Users/runner/Library/Developer/Xcode/DerivedData/DeviceMaintenance-flyuwdobxekbtzdsqajzqyikscoo/Build/Intermediates.noindex/ArchiveIntermediates/DeviceMaintenance/IntermediateBuildFilesPath/Pods.build/Release-iphoneos/SubscriptionKit.build/DerivedSources/SubscriptionKit_vers.c (in target 'SubscriptionKit' from project 'Pods')
    cd /Users/runner/work/Device_Maintenance/Device_Maintenance/Pods
    write-file /Users/runner/Library/Developer/Xcode/DerivedData/DeviceMaintenance-flyuwdobxekbtzdsqajzqyikscoo/Build/Intermediates.noindex/ArchiveIntermediates/DeviceMaintenance/IntermediateBuildFilesPath/Pods.build/Release-iphoneos/SubscriptionKit.build/DerivedSources/SubscriptionKit_vers.c

CpHeader /Users/runner/Library/Developer/Xcode/DerivedData/DeviceMaintenance-flyuwdobxekbtzdsqajzqyikscoo/Build/Intermediates.noindex/ArchiveIntermediates/DeviceMaintenance/IntermediateBuildFilesPath/UninstalledProducts/iphoneos/SubscriptionKit.framework/Headers/SubscriptionKit-umbrella.h /Users/runner/work/Device_Maintenance/Device_Maintenance/Pods/Target\ Support\ Files/SubscriptionKit/SubscriptionKit-umbrella.h (in target 'SubscriptionKit' from project 'Pods')
    cd /Users/runner/work/Device_Maintenance/Device_Maintenance/Pods
    builtin-copy -exclude .DS_Store -exclude CVS -exclude .svn -exclude .git -exclude .hg -resolve-src-symlinks /Users/runner/work/Device_Maintenance/Device_Maintenance/Pods/Target\ Support\ Files/SubscriptionKit/SubscriptionKit-umbrella.h /Users/runner/Library/Developer/Xcode/DerivedData/DeviceMaintenance-flyuwdobxekbtzdsqajzqyikscoo/Build/Intermediates.noindex/ArchiveIntermediates/DeviceMaintenance/IntermediateBuildFilesPath/UninstalledProducts/iphoneos/SubscriptionKit.framework/Headers

Concatenate /Users/runner/Library/Developer/Xcode/DerivedData/DeviceMaintenance-flyuwdobxekbtzdsqajzqyikscoo/Build/Intermediates.noindex/ArchiveIntermediates/DeviceMaintenance/IntermediateBuildFilesPath/Pods.build/Release-iphoneos/SubscriptionKit.build/unextended-module.modulemap /Users/runner/work/Device_Maintenance/Device_Maintenance/Pods/Target\ Support\ Files/SubscriptionKit/SubscriptionKit.modulemap /Users/runner/Library/Developer/Xcode/DerivedData/DeviceMaintenance-flyuwdobxekbtzdsqajzqyikscoo/Build/Intermediates.noindex/ArchiveIntermediates/DeviceMaintenance/IntermediateBuildFilesPath/Pods.build/Release-iphoneos/SubscriptionKit.build/unextended-module-swiftunextension.modulemap (in target 'SubscriptionKit' from project 'Pods')
    cd /Users/runner/work/Device_Maintenance/Device_Maintenance/Pods
    builtin-concatenate /Users/runner/Library/Developer/Xcode/DerivedData/DeviceMaintenance-flyuwdobxekbtzdsqajzqyikscoo/Build/Intermediates.noindex/ArchiveIntermediates/DeviceMaintenance/IntermediateBuildFilesPath/Pods.build/Release-iphoneos/SubscriptionKit.build/unextended-module.modulemap /Users/runner/work/Device_Maintenance/Device_Maintenance/Pods/Target\ Support\ Files/SubscriptionKit/SubscriptionKit.modulemap /Users/runner/Library/Developer/Xcode/DerivedData/DeviceMaintenance-flyuwdobxekbtzdsqajzqyikscoo/Build/Intermediates.noindex/ArchiveIntermediates/DeviceMaintenance/IntermediateBuildFilesPath/Pods.build/Release-iphoneos/SubscriptionKit.build/unextended-module-swiftunextension.modulemap

Concatenate /Users/runner/Library/Developer/Xcode/DerivedData/DeviceMaintenance-flyuwdobxekbtzdsqajzqyikscoo/Build/Intermediates.noindex/ArchiveIntermediates/DeviceMaintenance/IntermediateBuildFilesPath/Pods.build/Release-iphoneos/SubscriptionKit.build/module.modulemap /Users/runner/work/Device_Maintenance/Device_Maintenance/Pods/Target\ Support\ Files/SubscriptionKit/SubscriptionKit.modulemap /Users/runner/Library/Developer/Xcode/DerivedData/DeviceMaintenance-flyuwdobxekbtzdsqajzqyikscoo/Build/Intermediates.noindex/ArchiveIntermediates/DeviceMaintenance/IntermediateBuildFilesPath/Pods.build/Release-iphoneos/SubscriptionKit.build/module-swiftextension.modulemap (in target 'SubscriptionKit' from project 'Pods')
    cd /Users/runner/work/Device_Maintenance/Device_Maintenance/Pods
    builtin-concatenate /Users/runner/Library/Developer/Xcode/DerivedData/DeviceMaintenance-flyuwdobxekbtzdsqajzqyikscoo/Build/Intermediates.noindex/ArchiveIntermediates/DeviceMaintenance/IntermediateBuildFilesPath/Pods.build/Release-iphoneos/SubscriptionKit.build/module.modulemap /Users/runner/work/Device_Maintenance/Device_Maintenance/Pods/Target\ Support\ Files/SubscriptionKit/SubscriptionKit.modulemap /Users/runner/Library/Developer/Xcode/DerivedData/DeviceMaintenance-flyuwdobxekbtzdsqajzqyikscoo/Build/Intermediates.noindex/ArchiveIntermediates/DeviceMaintenance/IntermediateBuildFilesPath/Pods.build/Release-iphoneos/SubscriptionKit.build/module-swiftextension.modulemap

SymLink /Users/runner/Library/Developer/Xcode/DerivedData/DeviceMaintenance-flyuwdobxekbtzdsqajzqyikscoo/Build/Intermediates.noindex/ArchiveIntermediates/DeviceMaintenance/BuildProductsPath/Release-iphoneos/SubscriptionKit/SubscriptionKit.framework ../../../IntermediateBuildFilesPath/UninstalledProducts/iphoneos/SubscriptionKit.framework (in target 'SubscriptionKit' from project 'Pods')
    cd /Users/runner/work/Device_Maintenance/Device_Maintenance/Pods
    /bin/ln -sfh ../../../IntermediateBuildFilesPath/UninstalledProducts/iphoneos/SubscriptionKit.framework /Users/runner/Library/Developer/Xcode/DerivedData/DeviceMaintenance-flyuwdobxekbtzdsqajzqyikscoo/Build/Intermediates.noindex/ArchiveIntermediates/DeviceMaintenance/BuildProductsPath/Release-iphoneos/SubscriptionKit/SubscriptionKit.framework

MkDir /Users/runner/Library/Developer/Xcode/DerivedData/DeviceMaintenance-flyuwdobxekbtzdsqajzqyikscoo/Build/Intermediates.noindex/ArchiveIntermediates/DeviceMaintenance/IntermediateBuildFilesPath/UninstalledProducts/iphoneos/SubscriptionKit.framework/Headers (in target 'SubscriptionKit' from project 'Pods')
    cd /Users/runner/work/Device_Maintenance/Device_Maintenance/Pods
    /bin/mkdir -p /Users/runner/Library/Developer/Xcode/DerivedData/DeviceMaintenance-flyuwdobxekbtzdsqajzqyikscoo/Build/Intermediates.noindex/ArchiveIntermediates/DeviceMaintenance/IntermediateBuildFilesPath/UninstalledProducts/iphoneos/SubscriptionKit.framework/Headers

MkDir /Users/runner/Library/Developer/Xcode/DerivedData/DeviceMaintenance-flyuwdobxekbtzdsqajzqyikscoo/Build/Intermediates.noindex/ArchiveIntermediates/DeviceMaintenance/IntermediateBuildFilesPath/UninstalledProducts/iphoneos/SubscriptionKit.framework (in target 'SubscriptionKit' from project 'Pods')
    cd /Users/runner/work/Device_Maintenance/Device_Maintenance/Pods
    /bin/mkdir -p /Users/runner/Library/Developer/Xcode/DerivedData/DeviceMaintenance-flyuwdobxekbtzdsqajzqyikscoo/Build/Intermediates.noindex/ArchiveIntermediates/DeviceMaintenance/IntermediateBuildFilesPath/UninstalledProducts/iphoneos/SubscriptionKit.framework

PhaseScriptExecution [CP]\ Copy\ XCFrameworks /Users/runner/Library/Developer/Xcode/DerivedData/DeviceMaintenance-flyuwdobxekbtzdsqajzqyikscoo/Build/Intermediates.noindex/ArchiveIntermediates/DeviceMaintenance/IntermediateBuildFilesPath/Pods.build/Release-iphoneos/UMCommon.build/Script-C174F6EFADC08F50F41614F86DCA08E2.sh (in target 'UMCommon' from project 'Pods')
    cd /Users/runner/work/Device_Maintenance/Device_Maintenance/Pods
    /bin/sh -c /Users/runner/Library/Developer/Xcode/DerivedData/DeviceMaintenance-flyuwdobxekbtzdsqajzqyikscoo/Build/Intermediates.noindex/ArchiveIntermediates/DeviceMaintenance/IntermediateBuildFilesPath/Pods.build/Release-iphoneos/UMCommon.build/Script-C174F6EFADC08F50F41614F86DCA08E2.sh
Selected xcframework slice ios-arm64
rsync --delete -av --filter P .*.?????? --links --filter "- CVS/" --filter "- .svn/" --filter "- .git/" --filter "- .hg/" "/Users/runner/work/Device_Maintenance/Device_Maintenance/Pods/UMCommon/UMCommon_7.5.8/UMCommon.xcframework/ios-arm64/*" "/Users/runner/Library/Developer/Xcode/DerivedData/DeviceMaintenance-flyuwdobxekbtzdsqajzqyikscoo/Build/Intermediates.noindex/ArchiveIntermediates/DeviceMaintenance/BuildProductsPath/Release-iphoneos/XCFrameworkIntermediates/UMCommon"
Transfer starting: 16 files
UMCommon.framework/
UMCommon.framework/Info.plist
UMCommon.framework/PrivacyInfo.xcprivacy
UMCommon.framework/UMCommon
UMCommon.framework/Headers/
UMCommon.framework/Headers/MobClick.h
UMCommon.framework/Headers/UMCommon.h
UMCommon.framework/Headers/UMConfigure.h
UMCommon.framework/Modules/
UMCommon.framework/Modules/module.modulemap
UMCommon.framework/_CodeSignature/
UMCommon.framework/_CodeSignature/CodeDirectory
UMCommon.framework/_CodeSignature/CodeRequirements
UMCommon.framework/_CodeSignature/CodeRequirements-1
UMCommon.framework/_CodeSignature/CodeResources
UMCommon.framework/_CodeSignature/CodeSignature

sent 1701718 bytes  received 308 bytes  47147534 bytes/sec
total size is 1699828  speedup is 1.00
Copied /Users/runner/work/Device_Maintenance/Device_Maintenance/Pods/UMCommon/UMCommon_7.5.8/UMCommon.xcframework/ios-arm64 to /Users/runner/Library/Developer/Xcode/DerivedData/DeviceMaintenance-flyuwdobxekbtzdsqajzqyikscoo/Build/Intermediates.noindex/ArchiveIntermediates/DeviceMaintenance/BuildProductsPath/Release-iphoneos/XCFrameworkIntermediates/UMCommon

Copy /Users/runner/Library/Developer/Xcode/DerivedData/DeviceMaintenance-flyuwdobxekbtzdsqajzqyikscoo/Build/Intermediates.noindex/ArchiveIntermediates/DeviceMaintenance/IntermediateBuildFilesPath/UninstalledProducts/iphoneos/SubscriptionKit.framework/Modules/module.modulemap /Users/runner/Library/Developer/Xcode/DerivedData/DeviceMaintenance-flyuwdobxekbtzdsqajzqyikscoo/Build/Intermediates.noindex/ArchiveIntermediates/DeviceMaintenance/IntermediateBuildFilesPath/Pods.build/Release-iphoneos/SubscriptionKit.build/module.modulemap (in target 'SubscriptionKit' from project 'Pods')
    cd /Users/runner/work/Device_Maintenance/Device_Maintenance/Pods
    builtin-copy -exclude .DS_Store -exclude CVS -exclude .svn -exclude .git -exclude .hg -resolve-src-symlinks /Users/runner/Library/Developer/Xcode/DerivedData/DeviceMaintenance-flyuwdobxekbtzdsqajzqyikscoo/Build/Intermediates.noindex/ArchiveIntermediates/DeviceMaintenance/IntermediateBuildFilesPath/Pods.build/Release-iphoneos/SubscriptionKit.build/module.modulemap /Users/runner/Library/Developer/Xcode/DerivedData/DeviceMaintenance-flyuwdobxekbtzdsqajzqyikscoo/Build/Intermediates.noindex/ArchiveIntermediates/DeviceMaintenance/IntermediateBuildFilesPath/UninstalledProducts/iphoneos/SubscriptionKit.framework/Modules

PhaseScriptExecution [CP]\ Copy\ XCFrameworks /Users/runner/Library/Developer/Xcode/DerivedData/DeviceMaintenance-flyuwdobxekbtzdsqajzqyikscoo/Build/Intermediates.noindex/ArchiveIntermediates/DeviceMaintenance/IntermediateBuildFilesPath/Pods.build/Release-iphoneos/UMAPM.build/Script-2EBFDFA83BBE493970F9E1A2F2BED394.sh (in target 'UMAPM' from project 'Pods')
    cd /Users/runner/work/Device_Maintenance/Device_Maintenance/Pods
    /bin/sh -c /Users/runner/Library/Developer/Xcode/DerivedData/DeviceMaintenance-flyuwdobxekbtzdsqajzqyikscoo/Build/Intermediates.noindex/ArchiveIntermediates/DeviceMaintenance/IntermediateBuildFilesPath/Pods.build/Release-iphoneos/UMAPM.build/Script-2EBFDFA83BBE493970F9E1A2F2BED394.sh
Selected xcframework slice ios-arm64
rsync --delete -av --filter P .*.?????? --links --filter "- CVS/" --filter "- .svn/" --filter "- .git/" --filter "- .hg/" "/Users/runner/work/Device_Maintenance/Device_Maintenance/Pods/UMAPM/UMAPM_2.0.7/UMAPM.xcframework/ios-arm64/*" "/Users/runner/Library/Developer/Xcode/DerivedData/DeviceMaintenance-flyuwdobxekbtzdsqajzqyikscoo/Build/Intermediates.noindex/ArchiveIntermediates/DeviceMaintenance/BuildProductsPath/Release-iphoneos/XCFrameworkIntermediates/UMAPM"
Transfer starting: 18 files
UMAPM.framework/
UMAPM.framework/Info.plist
UMAPM.framework/PrivacyInfo.xcprivacy
UMAPM.framework/UMAPM
UMAPM.framework/Headers/
UMAPM.framework/Headers/UAPMLog.h
UMAPM.framework/Headers/UMAPMConfig.h
UMAPM.framework/Headers/UMAPMCustomData.h
UMAPM.framework/Headers/UMAPMCustomLog.h
UMAPM.framework/Headers/UMCrashConfigure.h
UMAPM.framework/Headers/UMLaunch.h
UMAPM.framework/Headers/UMPage.h
UMAPM.framework/_CodeSignature/
UMAPM.framework/_CodeSignature/CodeDirectory
UMAPM.framework/_CodeSignature/CodeRequirements
UMAPM.framework/_CodeSignature/CodeRequirements-1
UMAPM.framework/_CodeSignature/CodeResources
UMAPM.framework/_CodeSignature/CodeSignature

sent 7193593 bytes  received 368 bytes  53249156 bytes/sec
total size is 7190813  speedup is 1.00
Copied /Users/runner/work/Device_Maintenance/Device_Maintenance/Pods/UMAPM/UMAPM_2.0.7/UMAPM.xcframework/ios-arm64 to /Users/runner/Library/Developer/Xcode/DerivedData/DeviceMaintenance-flyuwdobxekbtzdsqajzqyikscoo/Build/Intermediates.noindex/ArchiveIntermediates/DeviceMaintenance/BuildProductsPath/Release-iphoneos/XCFrameworkIntermediates/UMAPM

ProcessInfoPlistFile /Users/runner/Library/Developer/Xcode/DerivedData/DeviceMaintenance-flyuwdobxekbtzdsqajzqyikscoo/Build/Intermediates.noindex/ArchiveIntermediates/DeviceMaintenance/IntermediateBuildFilesPath/UninstalledProducts/iphoneos/SubscriptionKit.framework/Info.plist /Users/runner/work/Device_Maintenance/Device_Maintenance/Pods/Target\ Support\ Files/SubscriptionKit/SubscriptionKit-Info.plist (in target 'SubscriptionKit' from project 'Pods')
    cd /Users/runner/work/Device_Maintenance/Device_Maintenance/Pods
    builtin-infoPlistUtility /Users/runner/work/Device_Maintenance/Device_Maintenance/Pods/Target\ Support\ Files/SubscriptionKit/SubscriptionKit-Info.plist -producttype com.apple.product-type.framework -expandbuildsettings -format binary -platform iphoneos -requiredArchitecture arm64 -o /Users/runner/Library/Developer/Xcode/DerivedData/DeviceMaintenance-flyuwdobxekbtzdsqajzqyikscoo/Build/Intermediates.noindex/ArchiveIntermediates/DeviceMaintenance/IntermediateBuildFilesPath/UninstalledProducts/iphoneos/SubscriptionKit.framework/Info.plist

SwiftDriver SubscriptionKit normal arm64 com.apple.xcode.tools.swift.compiler (in target 'SubscriptionKit' from project 'Pods')
    cd /Users/runner/work/Device_Maintenance/Device_Maintenance/Pods
    builtin-SwiftDriver -- /Applications/Xcode_16.4.app/Contents/Developer/Toolchains/XcodeDefault.xctoolchain/usr/bin/swiftc -module-name SubscriptionKit -O -whole-module-optimization -enforce-exclusivity\=checked @/Users/runner/Library/Developer/Xcode/DerivedData/DeviceMaintenance-flyuwdobxekbtzdsqajzqyikscoo/Build/Intermediates.noindex/ArchiveIntermediates/DeviceMaintenance/IntermediateBuildFilesPath/Pods.build/Release-iphoneos/SubscriptionKit.build/Objects-normal/arm64/SubscriptionKit.SwiftFileList -D COCOAPODS -enable-bare-slash-regex -enable-experimental-feature DebugDescriptionMacro -sdk /Applications/Xcode_16.4.app/Contents/Developer/Platforms/iPhoneOS.platform/Developer/SDKs/iPhoneOS18.5.sdk -target arm64-apple-ios15.0 -g -module-cache-path /Users/runner/Library/Developer/Xcode/DerivedData/ModuleCache.noindex -Xfrontend -serialize-debugging-options -swift-version 5 -I /Users/runner/Library/Developer/Xcode/DerivedData/DeviceMaintenance-flyuwdobxekbtzdsqajzqyikscoo/Build/Intermediates.noindex/ArchiveIntermediates/DeviceMaintenance/BuildProductsPath/Release-iphoneos/SubscriptionKit -F /Users/runner/Library/Developer/Xcode/DerivedData/DeviceMaintenance-flyuwdobxekbtzdsqajzqyikscoo/Build/Intermediates.noindex/ArchiveIntermediates/DeviceMaintenance/BuildProductsPath/Release-iphoneos/SubscriptionKit -F /Users/runner/work/Device_Maintenance/Device_Maintenance/Pods/UMAPM/UMAPM_2.0.7 -F /Users/runner/work/Device_Maintenance/Device_Maintenance/Pods/UMCommon/UMCommon_7.5.8 -F /Users/runner/work/Device_Maintenance/Device_Maintenance/Pods/UMDevice/UMDevice_3.5.0 -F /Users/runner/Library/Developer/Xcode/DerivedData/DeviceMaintenance-flyuwdobxekbtzdsqajzqyikscoo/Build/Intermediates.noindex/ArchiveIntermediates/DeviceMaintenance/BuildProductsPath/Release-iphoneos/XCFrameworkIntermediates/UMAPM -F /Users/runner/Library/Developer/Xcode/DerivedData/DeviceMaintenance-flyuwdobxekbtzdsqajzqyikscoo/Build/Intermediates.noindex/ArchiveIntermediates/DeviceMaintenance/BuildProductsPath/Release-iphoneos/XCFrameworkIntermediates/UMCommon -F /Users/runner/Library/Developer/Xcode/DerivedData/DeviceMaintenance-flyuwdobxekbtzdsqajzqyikscoo/Build/Intermediates.noindex/ArchiveIntermediates/DeviceMaintenance/BuildProductsPath/Release-iphoneos/XCFrameworkIntermediates/UMDevice -c -num-threads 3 -Xcc -ivfsstatcache -Xcc /Users/runner/Library/Developer/Xcode/DerivedData/SDKStatCaches.noindex/iphoneos18.5-22F76-a529daf784b3616c7c04a36aeb7f5c05.sdkstatcache -output-file-map /Users/runner/Library/Developer/Xcode/DerivedData/DeviceMaintenance-flyuwdobxekbtzdsqajzqyikscoo/Build/Intermediates.noindex/ArchiveIntermediates/DeviceMaintenance/IntermediateBuildFilesPath/Pods.build/Release-iphoneos/SubscriptionKit.build/Objects-normal/arm64/SubscriptionKit-OutputFileMap.json -use-frontend-parseable-output -save-temps -no-color-diagnostics -serialize-diagnostics -emit-dependencies -emit-module -emit-module-path /Users/runner/Library/Developer/Xcode/DerivedData/DeviceMaintenance-flyuwdobxekbtzdsqajzqyikscoo/Build/Intermediates.noindex/ArchiveIntermediates/DeviceMaintenance/IntermediateBuildFilesPath/Pods.build/Release-iphoneos/SubscriptionKit.build/Objects-normal/arm64/SubscriptionKit.swiftmodule -validate-clang-modules-once -clang-build-session-file /Users/runner/Library/Developer/Xcode/DerivedData/ModuleCache.noindex/Session.modulevalidation -Xcc -I/Users/runner/Library/Developer/Xcode/DerivedData/DeviceMaintenance-flyuwdobxekbtzdsqajzqyikscoo/Build/Intermediates.noindex/ArchiveIntermediates/DeviceMaintenance/IntermediateBuildFilesPath/Pods.build/Release-iphoneos/SubscriptionKit.build/swift-overrides.hmap -emit-const-values -Xfrontend -const-gather-protocols-file -Xfrontend /Users/runner/Library/Developer/Xcode/DerivedData/DeviceMaintenance-flyuwdobxekbtzdsqajzqyikscoo/Build/Intermediates.noindex/ArchiveIntermediates/DeviceMaintenance/IntermediateBuildFilesPath/Pods.build/Release-iphoneos/SubscriptionKit.build/Objects-normal/arm64/SubscriptionKit_const_extract_protocols.json -Xcc -iquote -Xcc /Users/runner/Library/Developer/Xcode/DerivedData/DeviceMaintenance-flyuwdobxekbtzdsqajzqyikscoo/Build/Intermediates.noindex/ArchiveIntermediates/DeviceMaintenance/IntermediateBuildFilesPath/Pods.build/Release-iphoneos/SubscriptionKit.build/SubscriptionKit-generated-files.hmap -Xcc -I/Users/runner/Library/Developer/Xcode/DerivedData/DeviceMaintenance-flyuwdobxekbtzdsqajzqyikscoo/Build/Intermediates.noindex/ArchiveIntermediates/DeviceMaintenance/IntermediateBuildFilesPath/Pods.build/Release-iphoneos/SubscriptionKit.build/SubscriptionKit-own-target-headers.hmap -Xcc -I/Users/runner/Library/Developer/Xcode/DerivedData/DeviceMaintenance-flyuwdobxekbtzdsqajzqyikscoo/Build/Intermediates.noindex/ArchiveIntermediates/DeviceMaintenance/IntermediateBuildFilesPath/Pods.build/Release-iphoneos/SubscriptionKit.build/SubscriptionKit-all-non-framework-target-headers.hmap -Xcc -ivfsoverlay -Xcc /Users/runner/Library/Developer/Xcode/DerivedData/DeviceMaintenance-flyuwdobxekbtzdsqajzqyikscoo/Build/Intermediates.noindex/ArchiveIntermediates/DeviceMaintenance/IntermediateBuildFilesPath/Pods.build/Release-iphoneos/Pods-8699adb1dd336b26511df848a716bd42-VFS-iphoneos/all-product-headers.yaml -Xcc -iquote -Xcc /Users/runner/Library/Developer/Xcode/DerivedData/DeviceMaintenance-flyuwdobxekbtzdsqajzqyikscoo/Build/Intermediates.noindex/ArchiveIntermediates/DeviceMaintenance/IntermediateBuildFilesPath/Pods.build/Release-iphoneos/SubscriptionKit.build/SubscriptionKit-project-headers.hmap -Xcc -I/Users/runner/Library/Developer/Xcode/DerivedData/DeviceMaintenance-flyuwdobxekbtzdsqajzqyikscoo/Build/Intermediates.noindex/ArchiveIntermediates/DeviceMaintenance/BuildProductsPath/Release-iphoneos/SubscriptionKit/include -Xcc -I/Users/runner/Library/Developer/Xcode/DerivedData/DeviceMaintenance-flyuwdobxekbtzdsqajzqyikscoo/Build/Intermediates.noindex/ArchiveIntermediates/DeviceMaintenance/IntermediateBuildFilesPath/Pods.build/Release-iphoneos/SubscriptionKit.build/DerivedSources-normal/arm64 -Xcc -I/Users/runner/Library/Developer/Xcode/DerivedData/DeviceMaintenance-flyuwdobxekbtzdsqajzqyikscoo/Build/Intermediates.noindex/ArchiveIntermediates/DeviceMaintenance/IntermediateBuildFilesPath/Pods.build/Release-iphoneos/SubscriptionKit.build/DerivedSources/arm64 -Xcc -I/Users/runner/Library/Developer/Xcode/DerivedData/DeviceMaintenance-flyuwdobxekbtzdsqajzqyikscoo/Build/Intermediates.noindex/ArchiveIntermediates/DeviceMaintenance/IntermediateBuildFilesPath/Pods.build/Release-iphoneos/SubscriptionKit.build/DerivedSources -Xcc -DPOD_CONFIGURATION_RELEASE\=1 -Xcc -DCOCOAPODS\=1 -emit-objc-header -emit-objc-header-path /Users/runner/Library/Developer/Xcode/DerivedData/DeviceMaintenance-flyuwdobxekbtzdsqajzqyikscoo/Build/Intermediates.noindex/ArchiveIntermediates/DeviceMaintenance/IntermediateBuildFilesPath/Pods.build/Release-iphoneos/SubscriptionKit.build/Objects-normal/arm64/SubscriptionKit-Swift.h -import-underlying-module -Xcc -ivfsoverlay -Xcc /Users/runner/Library/Developer/Xcode/DerivedData/DeviceMaintenance-flyuwdobxekbtzdsqajzqyikscoo/Build/Intermediates.noindex/ArchiveIntermediates/DeviceMaintenance/IntermediateBuildFilesPath/Pods.build/Release-iphoneos/SubscriptionKit.build/unextended-module-overlay.yaml -working-directory /Users/runner/work/Device_Maintenance/Device_Maintenance/Pods -no-emit-module-separately-wmo

SwiftCompile normal arm64 Compiling\ ASAService.swift,\ DeviceInfo.swift,\ EventTracker.swift,\ KeychainStorage.swift,\ NetworkClient.swift,\ SubscriptionKit.swift,\ SubscriptionService.swift,\ UmengService.swift,\ UserManager.swift /Users/runner/work/Device_Maintenance/Device_Maintenance/SubscriptionKit/SubscriptionKit/Classes/ASA/ASAService.swift /Users/runner/work/Device_Maintenance/Device_Maintenance/SubscriptionKit/SubscriptionKit/Classes/Core/DeviceInfo.swift /Users/runner/work/Device_Maintenance/Device_Maintenance/SubscriptionKit/SubscriptionKit/Classes/Tracking/EventTracker.swift /Users/runner/work/Device_Maintenance/Device_Maintenance/SubscriptionKit/SubscriptionKit/Classes/Core/KeychainStorage.swift /Users/runner/work/Device_Maintenance/Device_Maintenance/SubscriptionKit/SubscriptionKit/Classes/Core/NetworkClient.swift /Users/runner/work/Device_Maintenance/Device_Maintenance/SubscriptionKit/SubscriptionKit/Classes/SubscriptionKit.swift /Users/runner/work/Device_Maintenance/Device_Maintenance/SubscriptionKit/SubscriptionKit/Classes/Subscription/SubscriptionService.swift /Users/runner/work/Device_Maintenance/Device_Maintenance/SubscriptionKit/SubscriptionKit/Classes/Tracking/UmengService.swift /Users/runner/work/Device_Maintenance/Device_Maintenance/SubscriptionKit/SubscriptionKit/Classes/User/UserManager.swift (in target 'SubscriptionKit' from project 'Pods')

CompileSwift normal arm64 (in target 'SubscriptionKit' from project 'Pods')
    cd /Users/runner/work/Device_Maintenance/Device_Maintenance/Pods
    
/Users/runner/work/Device_Maintenance/Device_Maintenance/SubscriptionKit/SubscriptionKit/Classes/SubscriptionKit.swift:619:28: warning: result of call to 'regenerateUserId()' is unused
        UserManager.shared.regenerateUserId()
                           ^               ~~

SwiftDriver\ Compilation SubscriptionKit normal arm64 com.apple.xcode.tools.swift.compiler (in target 'SubscriptionKit' from project 'Pods')
    cd /Users/runner/work/Device_Maintenance/Device_Maintenance/Pods
    builtin-Swift-Compilation -- /Applications/Xcode_16.4.app/Contents/Developer/Toolchains/XcodeDefault.xctoolchain/usr/bin/swiftc -module-name SubscriptionKit -O -whole-module-optimization -enforce-exclusivity\=checked @/Users/runner/Library/Developer/Xcode/DerivedData/DeviceMaintenance-flyuwdobxekbtzdsqajzqyikscoo/Build/Intermediates.noindex/ArchiveIntermediates/DeviceMaintenance/IntermediateBuildFilesPath/Pods.build/Release-iphoneos/SubscriptionKit.build/Objects-normal/arm64/SubscriptionKit.SwiftFileList -D COCOAPODS -enable-bare-slash-regex -enable-experimental-feature DebugDescriptionMacro -sdk /Applications/Xcode_16.4.app/Contents/Developer/Platforms/iPhoneOS.platform/Developer/SDKs/iPhoneOS18.5.sdk -target arm64-apple-ios15.0 -g -module-cache-path /Users/runner/Library/Developer/Xcode/DerivedData/ModuleCache.noindex -Xfrontend -serialize-debugging-options -swift-version 5 -I /Users/runner/Library/Developer/Xcode/DerivedData/DeviceMaintenance-flyuwdobxekbtzdsqajzqyikscoo/Build/Intermediates.noindex/ArchiveIntermediates/DeviceMaintenance/BuildProductsPath/Release-iphoneos/SubscriptionKit -F /Users/runner/Library/Developer/Xcode/DerivedData/DeviceMaintenance-flyuwdobxekbtzdsqajzqyikscoo/Build/Intermediates.noindex/ArchiveIntermediates/DeviceMaintenance/BuildProductsPath/Release-iphoneos/SubscriptionKit -F /Users/runner/work/Device_Maintenance/Device_Maintenance/Pods/UMAPM/UMAPM_2.0.7 -F /Users/runner/work/Device_Maintenance/Device_Maintenance/Pods/UMCommon/UMCommon_7.5.8 -F /Users/runner/work/Device_Maintenance/Device_Maintenance/Pods/UMDevice/UMDevice_3.5.0 -F /Users/runner/Library/Developer/Xcode/DerivedData/DeviceMaintenance-flyuwdobxekbtzdsqajzqyikscoo/Build/Intermediates.noindex/ArchiveIntermediates/DeviceMaintenance/BuildProductsPath/Release-iphoneos/XCFrameworkIntermediates/UMAPM -F /Users/runner/Library/Developer/Xcode/DerivedData/DeviceMaintenance-flyuwdobxekbtzdsqajzqyikscoo/Build/Intermediates.noindex/ArchiveIntermediates/DeviceMaintenance/BuildProductsPath/Release-iphoneos/XCFrameworkIntermediates/UMCommon -F /Users/runner/Library/Developer/Xcode/DerivedData/DeviceMaintenance-flyuwdobxekbtzdsqajzqyikscoo/Build/Intermediates.noindex/ArchiveIntermediates/DeviceMaintenance/BuildProductsPath/Release-iphoneos/XCFrameworkIntermediates/UMDevice -c -num-threads 3 -Xcc -ivfsstatcache -Xcc /Users/runner/Library/Developer/Xcode/DerivedData/SDKStatCaches.noindex/iphoneos18.5-22F76-a529daf784b3616c7c04a36aeb7f5c05.sdkstatcache -output-file-map /Users/runner/Library/Developer/Xcode/DerivedData/DeviceMaintenance-flyuwdobxekbtzdsqajzqyikscoo/Build/Intermediates.noindex/ArchiveIntermediates/DeviceMaintenance/IntermediateBuildFilesPath/Pods.build/Release-iphoneos/SubscriptionKit.build/Objects-normal/arm64/SubscriptionKit-OutputFileMap.json -use-frontend-parseable-output -save-temps -no-color-diagnostics -serialize-diagnostics -emit-dependencies -emit-module -emit-module-path /Users/runner/Library/Developer/Xcode/DerivedData/DeviceMaintenance-flyuwdobxekbtzdsqajzqyikscoo/Build/Intermediates.noindex/ArchiveIntermediates/DeviceMaintenance/IntermediateBuildFilesPath/Pods.build/Release-iphoneos/SubscriptionKit.build/Objects-normal/arm64/SubscriptionKit.swiftmodule -validate-clang-modules-once -clang-build-session-file /Users/runner/Library/Developer/Xcode/DerivedData/ModuleCache.noindex/Session.modulevalidation -Xcc -I/Users/runner/Library/Developer/Xcode/DerivedData/DeviceMaintenance-flyuwdobxekbtzdsqajzqyikscoo/Build/Intermediates.noindex/ArchiveIntermediates/DeviceMaintenance/IntermediateBuildFilesPath/Pods.build/Release-iphoneos/SubscriptionKit.build/swift-overrides.hmap -emit-const-values -Xfrontend -const-gather-protocols-file -Xfrontend /Users/runner/Library/Developer/Xcode/DerivedData/DeviceMaintenance-flyuwdobxekbtzdsqajzqyikscoo/Build/Intermediates.noindex/ArchiveIntermediates/DeviceMaintenance/IntermediateBuildFilesPath/Pods.build/Release-iphoneos/SubscriptionKit.build/Objects-normal/arm64/SubscriptionKit_const_extract_protocols.json -Xcc -iquote -Xcc /Users/runner/Library/Developer/Xcode/DerivedData/DeviceMaintenance-flyuwdobxekbtzdsqajzqyikscoo/Build/Intermediates.noindex/ArchiveIntermediates/DeviceMaintenance/IntermediateBuildFilesPath/Pods.build/Release-iphoneos/SubscriptionKit.build/SubscriptionKit-generated-files.hmap -Xcc -I/Users/runner/Library/Developer/Xcode/DerivedData/DeviceMaintenance-flyuwdobxekbtzdsqajzqyikscoo/Build/Intermediates.noindex/ArchiveIntermediates/DeviceMaintenance/IntermediateBuildFilesPath/Pods.build/Release-iphoneos/SubscriptionKit.build/SubscriptionKit-own-target-headers.hmap -Xcc -I/Users/runner/Library/Developer/Xcode/DerivedData/DeviceMaintenance-flyuwdobxekbtzdsqajzqyikscoo/Build/Intermediates.noindex/ArchiveIntermediates/DeviceMaintenance/IntermediateBuildFilesPath/Pods.build/Release-iphoneos/SubscriptionKit.build/SubscriptionKit-all-non-framework-target-headers.hmap -Xcc -ivfsoverlay -Xcc /Users/runner/Library/Developer/Xcode/DerivedData/DeviceMaintenance-flyuwdobxekbtzdsqajzqyikscoo/Build/Intermediates.noindex/ArchiveIntermediates/DeviceMaintenance/IntermediateBuildFilesPath/Pods.build/Release-iphoneos/Pods-8699adb1dd336b26511df848a716bd42-VFS-iphoneos/all-product-headers.yaml -Xcc -iquote -Xcc /Users/runner/Library/Developer/Xcode/DerivedData/DeviceMaintenance-flyuwdobxekbtzdsqajzqyikscoo/Build/Intermediates.noindex/ArchiveIntermediates/DeviceMaintenance/IntermediateBuildFilesPath/Pods.build/Release-iphoneos/SubscriptionKit.build/SubscriptionKit-project-headers.hmap -Xcc -I/Users/runner/Library/Developer/Xcode/DerivedData/DeviceMaintenance-flyuwdobxekbtzdsqajzqyikscoo/Build/Intermediates.noindex/ArchiveIntermediates/DeviceMaintenance/BuildProductsPath/Release-iphoneos/SubscriptionKit/include -Xcc -I/Users/runner/Library/Developer/Xcode/DerivedData/DeviceMaintenance-flyuwdobxekbtzdsqajzqyikscoo/Build/Intermediates.noindex/ArchiveIntermediates/DeviceMaintenance/IntermediateBuildFilesPath/Pods.build/Release-iphoneos/SubscriptionKit.build/DerivedSources-normal/arm64 -Xcc -I/Users/runner/Library/Developer/Xcode/DerivedData/DeviceMaintenance-flyuwdobxekbtzdsqajzqyikscoo/Build/Intermediates.noindex/ArchiveIntermediates/DeviceMaintenance/IntermediateBuildFilesPath/Pods.build/Release-iphoneos/SubscriptionKit.build/DerivedSources/arm64 -Xcc -I/Users/runner/Library/Developer/Xcode/DerivedData/DeviceMaintenance-flyuwdobxekbtzdsqajzqyikscoo/Build/Intermediates.noindex/ArchiveIntermediates/DeviceMaintenance/IntermediateBuildFilesPath/Pods.build/Release-iphoneos/SubscriptionKit.build/DerivedSources -Xcc -DPOD_CONFIGURATION_RELEASE\=1 -Xcc -DCOCOAPODS\=1 -emit-objc-header -emit-objc-header-path /Users/runner/Library/Developer/Xcode/DerivedData/DeviceMaintenance-flyuwdobxekbtzdsqajzqyikscoo/Build/Intermediates.noindex/ArchiveIntermediates/DeviceMaintenance/IntermediateBuildFilesPath/Pods.build/Release-iphoneos/SubscriptionKit.build/Objects-normal/arm64/SubscriptionKit-Swift.h -import-underlying-module -Xcc -ivfsoverlay -Xcc /Users/runner/Library/Developer/Xcode/DerivedData/DeviceMaintenance-flyuwdobxekbtzdsqajzqyikscoo/Build/Intermediates.noindex/ArchiveIntermediates/DeviceMaintenance/IntermediateBuildFilesPath/Pods.build/Release-iphoneos/SubscriptionKit.build/unextended-module-overlay.yaml -working-directory /Users/runner/work/Device_Maintenance/Device_Maintenance/Pods -no-emit-module-separately-wmo

SwiftDriverJobDiscovery normal arm64 Compiling ASAService.swift, DeviceInfo.swift, EventTracker.swift, KeychainStorage.swift, NetworkClient.swift, SubscriptionKit.swift, SubscriptionService.swift, UmengService.swift, UserManager.swift (in target 'SubscriptionKit' from project 'Pods')

SwiftDriver\ Compilation\ Requirements SubscriptionKit normal arm64 com.apple.xcode.tools.swift.compiler (in target 'SubscriptionKit' from project 'Pods')
    cd /Users/runner/work/Device_Maintenance/Device_Maintenance/Pods
    builtin-Swift-Compilation-Requirements -- /Applications/Xcode_16.4.app/Contents/Developer/Toolchains/XcodeDefault.xctoolchain/usr/bin/swiftc -module-name SubscriptionKit -O -whole-module-optimization -enforce-exclusivity\=checked @/Users/runner/Library/Developer/Xcode/DerivedData/DeviceMaintenance-flyuwdobxekbtzdsqajzqyikscoo/Build/Intermediates.noindex/ArchiveIntermediates/DeviceMaintenance/IntermediateBuildFilesPath/Pods.build/Release-iphoneos/SubscriptionKit.build/Objects-normal/arm64/SubscriptionKit.SwiftFileList -D COCOAPODS -enable-bare-slash-regex -enable-experimental-feature DebugDescriptionMacro -sdk /Applications/Xcode_16.4.app/Contents/Developer/Platforms/iPhoneOS.platform/Developer/SDKs/iPhoneOS18.5.sdk -target arm64-apple-ios15.0 -g -module-cache-path /Users/runner/Library/Developer/Xcode/DerivedData/ModuleCache.noindex -Xfrontend -serialize-debugging-options -swift-version 5 -I /Users/runner/Library/Developer/Xcode/DerivedData/DeviceMaintenance-flyuwdobxekbtzdsqajzqyikscoo/Build/Intermediates.noindex/ArchiveIntermediates/DeviceMaintenance/BuildProductsPath/Release-iphoneos/SubscriptionKit -F /Users/runner/Library/Developer/Xcode/DerivedData/DeviceMaintenance-flyuwdobxekbtzdsqajzqyikscoo/Build/Intermediates.noindex/ArchiveIntermediates/DeviceMaintenance/BuildProductsPath/Release-iphoneos/SubscriptionKit -F /Users/runner/work/Device_Maintenance/Device_Maintenance/Pods/UMAPM/UMAPM_2.0.7 -F /Users/runner/work/Device_Maintenance/Device_Maintenance/Pods/UMCommon/UMCommon_7.5.8 -F /Users/runner/work/Device_Maintenance/Device_Maintenance/Pods/UMDevice/UMDevice_3.5.0 -F /Users/runner/Library/Developer/Xcode/DerivedData/DeviceMaintenance-flyuwdobxekbtzdsqajzqyikscoo/Build/Intermediates.noindex/ArchiveIntermediates/DeviceMaintenance/BuildProductsPath/Release-iphoneos/XCFrameworkIntermediates/UMAPM -F /Users/runner/Library/Developer/Xcode/DerivedData/DeviceMaintenance-flyuwdobxekbtzdsqajzqyikscoo/Build/Intermediates.noindex/ArchiveIntermediates/DeviceMaintenance/BuildProductsPath/Release-iphoneos/XCFrameworkIntermediates/UMCommon -F /Users/runner/Library/Developer/Xcode/DerivedData/DeviceMaintenance-flyuwdobxekbtzdsqajzqyikscoo/Build/Intermediates.noindex/ArchiveIntermediates/DeviceMaintenance/BuildProductsPath/Release-iphoneos/XCFrameworkIntermediates/UMDevice -c -num-threads 3 -Xcc -ivfsstatcache -Xcc /Users/runner/Library/Developer/Xcode/DerivedData/SDKStatCaches.noindex/iphoneos18.5-22F76-a529daf784b3616c7c04a36aeb7f5c05.sdkstatcache -output-file-map /Users/runner/Library/Developer/Xcode/DerivedData/DeviceMaintenance-flyuwdobxekbtzdsqajzqyikscoo/Build/Intermediates.noindex/ArchiveIntermediates/DeviceMaintenance/IntermediateBuildFilesPath/Pods.build/Release-iphoneos/SubscriptionKit.build/Objects-normal/arm64/SubscriptionKit-OutputFileMap.json -use-frontend-parseable-output -save-temps -no-color-diagnostics -serialize-diagnostics -emit-dependencies -emit-module -emit-module-path /Users/runner/Library/Developer/Xcode/DerivedData/DeviceMaintenance-flyuwdobxekbtzdsqajzqyikscoo/Build/Intermediates.noindex/ArchiveIntermediates/DeviceMaintenance/IntermediateBuildFilesPath/Pods.build/Release-iphoneos/SubscriptionKit.build/Objects-normal/arm64/SubscriptionKit.swiftmodule -validate-clang-modules-once -clang-build-session-file /Users/runner/Library/Developer/Xcode/DerivedData/ModuleCache.noindex/Session.modulevalidation -Xcc -I/Users/runner/Library/Developer/Xcode/DerivedData/DeviceMaintenance-flyuwdobxekbtzdsqajzqyikscoo/Build/Intermediates.noindex/ArchiveIntermediates/DeviceMaintenance/IntermediateBuildFilesPath/Pods.build/Release-iphoneos/SubscriptionKit.build/swift-overrides.hmap -emit-const-values -Xfrontend -const-gather-protocols-file -Xfrontend /Users/runner/Library/Developer/Xcode/DerivedData/DeviceMaintenance-flyuwdobxekbtzdsqajzqyikscoo/Build/Intermediates.noindex/ArchiveIntermediates/DeviceMaintenance/IntermediateBuildFilesPath/Pods.build/Release-iphoneos/SubscriptionKit.build/Objects-normal/arm64/SubscriptionKit_const_extract_protocols.json -Xcc -iquote -Xcc /Users/runner/Library/Developer/Xcode/DerivedData/DeviceMaintenance-flyuwdobxekbtzdsqajzqyikscoo/Build/Intermediates.noindex/ArchiveIntermediates/DeviceMaintenance/IntermediateBuildFilesPath/Pods.build/Release-iphoneos/SubscriptionKit.build/SubscriptionKit-generated-files.hmap -Xcc -I/Users/runner/Library/Developer/Xcode/DerivedData/DeviceMaintenance-flyuwdobxekbtzdsqajzqyikscoo/Build/Intermediates.noindex/ArchiveIntermediates/DeviceMaintenance/IntermediateBuildFilesPath/Pods.build/Release-iphoneos/SubscriptionKit.build/SubscriptionKit-own-target-headers.hmap -Xcc -I/Users/runner/Library/Developer/Xcode/DerivedData/DeviceMaintenance-flyuwdobxekbtzdsqajzqyikscoo/Build/Intermediates.noindex/ArchiveIntermediates/DeviceMaintenance/IntermediateBuildFilesPath/Pods.build/Release-iphoneos/SubscriptionKit.build/SubscriptionKit-all-non-framework-target-headers.hmap -Xcc -ivfsoverlay -Xcc /Users/runner/Library/Developer/Xcode/DerivedData/DeviceMaintenance-flyuwdobxekbtzdsqajzqyikscoo/Build/Intermediates.noindex/ArchiveIntermediates/DeviceMaintenance/IntermediateBuildFilesPath/Pods.build/Release-iphoneos/Pods-8699adb1dd336b26511df848a716bd42-VFS-iphoneos/all-product-headers.yaml -Xcc -iquote -Xcc /Users/runner/Library/Developer/Xcode/DerivedData/DeviceMaintenance-flyuwdobxekbtzdsqajzqyikscoo/Build/Intermediates.noindex/ArchiveIntermediates/DeviceMaintenance/IntermediateBuildFilesPath/Pods.build/Release-iphoneos/SubscriptionKit.build/SubscriptionKit-project-headers.hmap -Xcc -I/Users/runner/Library/Developer/Xcode/DerivedData/DeviceMaintenance-flyuwdobxekbtzdsqajzqyikscoo/Build/Intermediates.noindex/ArchiveIntermediates/DeviceMaintenance/BuildProductsPath/Release-iphoneos/SubscriptionKit/include -Xcc -I/Users/runner/Library/Developer/Xcode/DerivedData/DeviceMaintenance-flyuwdobxekbtzdsqajzqyikscoo/Build/Intermediates.noindex/ArchiveIntermediates/DeviceMaintenance/IntermediateBuildFilesPath/Pods.build/Release-iphoneos/SubscriptionKit.build/DerivedSources-normal/arm64 -Xcc -I/Users/runner/Library/Developer/Xcode/DerivedData/DeviceMaintenance-flyuwdobxekbtzdsqajzqyikscoo/Build/Intermediates.noindex/ArchiveIntermediates/DeviceMaintenance/IntermediateBuildFilesPath/Pods.build/Release-iphoneos/SubscriptionKit.build/DerivedSources/arm64 -Xcc -I/Users/runner/Library/Developer/Xcode/DerivedData/DeviceMaintenance-flyuwdobxekbtzdsqajzqyikscoo/Build/Intermediates.noindex/ArchiveIntermediates/DeviceMaintenance/IntermediateBuildFilesPath/Pods.build/Release-iphoneos/SubscriptionKit.build/DerivedSources -Xcc -DPOD_CONFIGURATION_RELEASE\=1 -Xcc -DCOCOAPODS\=1 -emit-objc-header -emit-objc-header-path /Users/runner/Library/Developer/Xcode/DerivedData/DeviceMaintenance-flyuwdobxekbtzdsqajzqyikscoo/Build/Intermediates.noindex/ArchiveIntermediates/DeviceMaintenance/IntermediateBuildFilesPath/Pods.build/Release-iphoneos/SubscriptionKit.build/Objects-normal/arm64/SubscriptionKit-Swift.h -import-underlying-module -Xcc -ivfsoverlay -Xcc /Users/runner/Library/Developer/Xcode/DerivedData/DeviceMaintenance-flyuwdobxekbtzdsqajzqyikscoo/Build/Intermediates.noindex/ArchiveIntermediates/DeviceMaintenance/IntermediateBuildFilesPath/Pods.build/Release-iphoneos/SubscriptionKit.build/unextended-module-overlay.yaml -working-directory /Users/runner/work/Device_Maintenance/Device_Maintenance/Pods -no-emit-module-separately-wmo

SwiftMergeGeneratedHeaders /Users/runner/Library/Developer/Xcode/DerivedData/DeviceMaintenance-flyuwdobxekbtzdsqajzqyikscoo/Build/Intermediates.noindex/ArchiveIntermediates/DeviceMaintenance/IntermediateBuildFilesPath/UninstalledProducts/iphoneos/SubscriptionKit.framework/Headers/SubscriptionKit-Swift.h /Users/runner/Library/Developer/Xcode/DerivedData/DeviceMaintenance-flyuwdobxekbtzdsqajzqyikscoo/Build/Intermediates.noindex/ArchiveIntermediates/DeviceMaintenance/IntermediateBuildFilesPath/Pods.build/Release-iphoneos/SubscriptionKit.build/Objects-normal/arm64/SubscriptionKit-Swift.h (in target 'SubscriptionKit' from project 'Pods')
    cd /Users/runner/work/Device_Maintenance/Device_Maintenance/Pods
    builtin-swiftHeaderTool -arch arm64 /Users/runner/Library/Developer/Xcode/DerivedData/DeviceMaintenance-flyuwdobxekbtzdsqajzqyikscoo/Build/Intermediates.noindex/ArchiveIntermediates/DeviceMaintenance/IntermediateBuildFilesPath/Pods.build/Release-iphoneos/SubscriptionKit.build/Objects-normal/arm64/SubscriptionKit-Swift.h -o /Users/runner/Library/Developer/Xcode/DerivedData/DeviceMaintenance-flyuwdobxekbtzdsqajzqyikscoo/Build/Intermediates.noindex/ArchiveIntermediates/DeviceMaintenance/IntermediateBuildFilesPath/UninstalledProducts/iphoneos/SubscriptionKit.framework/Headers/SubscriptionKit-Swift.h

Copy /Users/runner/Library/Developer/Xcode/DerivedData/DeviceMaintenance-flyuwdobxekbtzdsqajzqyikscoo/Build/Intermediates.noindex/ArchiveIntermediates/DeviceMaintenance/IntermediateBuildFilesPath/UninstalledProducts/iphoneos/SubscriptionKit.framework/Modules/SubscriptionKit.swiftmodule/arm64-apple-ios.swiftdoc /Users/runner/Library/Developer/Xcode/DerivedData/DeviceMaintenance-flyuwdobxekbtzdsqajzqyikscoo/Build/Intermediates.noindex/ArchiveIntermediates/DeviceMaintenance/IntermediateBuildFilesPath/Pods.build/Release-iphoneos/SubscriptionKit.build/Objects-normal/arm64/SubscriptionKit.swiftdoc (in target 'SubscriptionKit' from project 'Pods')
    cd /Users/runner/work/Device_Maintenance/Device_Maintenance/Pods
    builtin-copy -exclude .DS_Store -exclude CVS -exclude .svn -exclude .git -exclude .hg -resolve-src-symlinks -rename /Users/runner/Library/Developer/Xcode/DerivedData/DeviceMaintenance-flyuwdobxekbtzdsqajzqyikscoo/Build/Intermediates.noindex/ArchiveIntermediates/DeviceMaintenance/IntermediateBuildFilesPath/Pods.build/Release-iphoneos/SubscriptionKit.build/Objects-normal/arm64/SubscriptionKit.swiftdoc /Users/runner/Library/Developer/Xcode/DerivedData/DeviceMaintenance-flyuwdobxekbtzdsqajzqyikscoo/Build/Intermediates.noindex/ArchiveIntermediates/DeviceMaintenance/IntermediateBuildFilesPath/UninstalledProducts/iphoneos/SubscriptionKit.framework/Modules/SubscriptionKit.swiftmodule/arm64-apple-ios.swiftdoc

Copy /Users/runner/Library/Developer/Xcode/DerivedData/DeviceMaintenance-flyuwdobxekbtzdsqajzqyikscoo/Build/Intermediates.noindex/ArchiveIntermediates/DeviceMaintenance/IntermediateBuildFilesPath/UninstalledProducts/iphoneos/SubscriptionKit.framework/Modules/SubscriptionKit.swiftmodule/arm64-apple-ios.swiftmodule /Users/runner/Library/Developer/Xcode/DerivedData/DeviceMaintenance-flyuwdobxekbtzdsqajzqyikscoo/Build/Intermediates.noindex/ArchiveIntermediates/DeviceMaintenance/IntermediateBuildFilesPath/Pods.build/Release-iphoneos/SubscriptionKit.build/Objects-normal/arm64/SubscriptionKit.swiftmodule (in target 'SubscriptionKit' from project 'Pods')
    cd /Users/runner/work/Device_Maintenance/Device_Maintenance/Pods
    builtin-copy -exclude .DS_Store -exclude CVS -exclude .svn -exclude .git -exclude .hg -resolve-src-symlinks -rename /Users/runner/Library/Developer/Xcode/DerivedData/DeviceMaintenance-flyuwdobxekbtzdsqajzqyikscoo/Build/Intermediates.noindex/ArchiveIntermediates/DeviceMaintenance/IntermediateBuildFilesPath/Pods.build/Release-iphoneos/SubscriptionKit.build/Objects-normal/arm64/SubscriptionKit.swiftmodule /Users/runner/Library/Developer/Xcode/DerivedData/DeviceMaintenance-flyuwdobxekbtzdsqajzqyikscoo/Build/Intermediates.noindex/ArchiveIntermediates/DeviceMaintenance/IntermediateBuildFilesPath/UninstalledProducts/iphoneos/SubscriptionKit.framework/Modules/SubscriptionKit.swiftmodule/arm64-apple-ios.swiftmodule

Copy /Users/runner/Library/Developer/Xcode/DerivedData/DeviceMaintenance-flyuwdobxekbtzdsqajzqyikscoo/Build/Intermediates.noindex/ArchiveIntermediates/DeviceMaintenance/IntermediateBuildFilesPath/UninstalledProducts/iphoneos/SubscriptionKit.framework/Modules/SubscriptionKit.swiftmodule/arm64-apple-ios.abi.json /Users/runner/Library/Developer/Xcode/DerivedData/DeviceMaintenance-flyuwdobxekbtzdsqajzqyikscoo/Build/Intermediates.noindex/ArchiveIntermediates/DeviceMaintenance/IntermediateBuildFilesPath/Pods.build/Release-iphoneos/SubscriptionKit.build/Objects-normal/arm64/SubscriptionKit.abi.json (in target 'SubscriptionKit' from project 'Pods')
    cd /Users/runner/work/Device_Maintenance/Device_Maintenance/Pods
    builtin-copy -exclude .DS_Store -exclude CVS -exclude .svn -exclude .git -exclude .hg -resolve-src-symlinks -rename /Users/runner/Library/Developer/Xcode/DerivedData/DeviceMaintenance-flyuwdobxekbtzdsqajzqyikscoo/Build/Intermediates.noindex/ArchiveIntermediates/DeviceMaintenance/IntermediateBuildFilesPath/Pods.build/Release-iphoneos/SubscriptionKit.build/Objects-normal/arm64/SubscriptionKit.abi.json /Users/runner/Library/Developer/Xcode/DerivedData/DeviceMaintenance-flyuwdobxekbtzdsqajzqyikscoo/Build/Intermediates.noindex/ArchiveIntermediates/DeviceMaintenance/IntermediateBuildFilesPath/UninstalledProducts/iphoneos/SubscriptionKit.framework/Modules/SubscriptionKit.swiftmodule/arm64-apple-ios.abi.json

ScanDependencies /Users/runner/Library/Developer/Xcode/DerivedData/DeviceMaintenance-flyuwdobxekbtzdsqajzqyikscoo/Build/Intermediates.noindex/ArchiveIntermediates/DeviceMaintenance/IntermediateBuildFilesPath/Pods.build/Release-iphoneos/SubscriptionKit.build/Objects-normal/arm64/SubscriptionKit_vers.o /Users/runner/Library/Developer/Xcode/DerivedData/DeviceMaintenance-flyuwdobxekbtzdsqajzqyikscoo/Build/Intermediates.noindex/ArchiveIntermediates/DeviceMaintenance/IntermediateBuildFilesPath/Pods.build/Release-iphoneos/SubscriptionKit.build/DerivedSources/SubscriptionKit_vers.c normal arm64 c com.apple.compilers.llvm.clang.1_0.compiler (in target 'SubscriptionKit' from project 'Pods')
    cd /Users/runner/work/Device_Maintenance/Device_Maintenance/Pods
    
    Using response file: /Users/runner/Library/Developer/Xcode/DerivedData/DeviceMaintenance-flyuwdobxekbtzdsqajzqyikscoo/Build/Intermediates.noindex/ArchiveIntermediates/DeviceMaintenance/IntermediateBuildFilesPath/Pods.build/Release-iphoneos/SubscriptionKit.build/Objects-normal/arm64/7187679823f38a2a940e0043cdf9d637-common-args.resp
    
    builtin-ScanDependencies -o /Users/runner/Library/Developer/Xcode/DerivedData/DeviceMaintenance-flyuwdobxekbtzdsqajzqyikscoo/Build/Intermediates.noindex/ArchiveIntermediates/DeviceMaintenance/IntermediateBuildFilesPath/Pods.build/Release-iphoneos/SubscriptionKit.build/Objects-normal/arm64/SubscriptionKit_vers.o.scan -- /Applications/Xcode_16.4.app/Contents/Developer/Toolchains/XcodeDefault.xctoolchain/usr/bin/clang -x c -ivfsstatcache /Users/runner/Library/Developer/Xcode/DerivedData/SDKStatCaches.noindex/iphoneos18.5-22F76-a529daf784b3616c7c04a36aeb7f5c05.sdkstatcache -fmessage-length\=0 -fdiagnostics-show-note-include-stack -fmacro-backtrace-limit\=0 -fno-color-diagnostics -fmodules-prune-interval\=86400 -fmodules-prune-after\=345600 -fbuild-session-file\=/Users/runner/Library/Developer/Xcode/DerivedData/ModuleCache.noindex/Session.modulevalidation -fmodules-validate-once-per-build-session -Wnon-modular-include-in-framework-module -Werror\=non-modular-include-in-framework-module -Wno-trigraphs -Wno-missing-field-initializers -Wno-missing-prototypes -Werror\=return-type -Wdocumentation -Wunreachable-code -Werror\=deprecated-objc-isa-usage -Werror\=objc-root-class -Wno-missing-braces -Wparentheses -Wswitch -Wunused-function -Wno-unused-label -Wno-unused-parameter -Wunused-variable -Wunused-value -Wempty-body -Wuninitialized -Wconditional-uninitialized -Wno-unknown-pragmas -Wno-shadow -Wno-four-char-constants -Wno-conversion -Wconstant-conversion -Wint-conversion -Wbool-conversion -Wenum-conversion -Wno-float-conversion -Wnon-literal-null-conversion -Wobjc-literal-conversion -Wshorten-64-to-32 -Wpointer-sign -Wno-newline-eof -Wno-implicit-fallthrough -fstrict-aliasing -Wdeprecated-declarations -Wno-sign-conversion -Winfinite-recursion -Wcomma -Wblock-capture-autoreleasing -Wstrict-prototypes -Wno-semicolon-before-method-body -Wunguarded-availability @/Users/runner/Library/Developer/Xcode/DerivedData/DeviceMaintenance-flyuwdobxekbtzdsqajzqyikscoo/Build/Intermediates.noindex/ArchiveIntermediates/DeviceMaintenance/IntermediateBuildFilesPath/Pods.build/Release-iphoneos/SubscriptionKit.build/Objects-normal/arm64/7187679823f38a2a940e0043cdf9d637-common-args.resp -MMD -MT dependencies -MF /Users/runner/Library/Developer/Xcode/DerivedData/DeviceMaintenance-flyuwdobxekbtzdsqajzqyikscoo/Build/Intermediates.noindex/ArchiveIntermediates/DeviceMaintenance/IntermediateBuildFilesPath/Pods.build/Release-iphoneos/SubscriptionKit.build/Objects-normal/arm64/SubscriptionKit_vers.d --serialize-diagnostics /Users/runner/Library/Developer/Xcode/DerivedData/DeviceMaintenance-flyuwdobxekbtzdsqajzqyikscoo/Build/Intermediates.noindex/ArchiveIntermediates/DeviceMaintenance/IntermediateBuildFilesPath/Pods.build/Release-iphoneos/SubscriptionKit.build/Objects-normal/arm64/SubscriptionKit_vers.dia -c /Users/runner/Library/Developer/Xcode/DerivedData/DeviceMaintenance-flyuwdobxekbtzdsqajzqyikscoo/Build/Intermediates.noindex/ArchiveIntermediates/DeviceMaintenance/IntermediateBuildFilesPath/Pods.build/Release-iphoneos/SubscriptionKit.build/DerivedSources/SubscriptionKit_vers.c -o /Users/runner/Library/Developer/Xcode/DerivedData/DeviceMaintenance-flyuwdobxekbtzdsqajzqyikscoo/Build/Intermediates.noindex/ArchiveIntermediates/DeviceMaintenance/IntermediateBuildFilesPath/Pods.build/Release-iphoneos/SubscriptionKit.build/Objects-normal/arm64/SubscriptionKit_vers.o

ScanDependencies /Users/runner/Library/Developer/Xcode/DerivedData/DeviceMaintenance-flyuwdobxekbtzdsqajzqyikscoo/Build/Intermediates.noindex/ArchiveIntermediates/DeviceMaintenance/IntermediateBuildFilesPath/Pods.build/Release-iphoneos/SubscriptionKit.build/Objects-normal/arm64/SubscriptionKit-dummy.o /Users/runner/work/Device_Maintenance/Device_Maintenance/Pods/Target\ Support\ Files/SubscriptionKit/SubscriptionKit-dummy.m normal arm64 objective-c com.apple.compilers.llvm.clang.1_0.compiler (in target 'SubscriptionKit' from project 'Pods')
    cd /Users/runner/work/Device_Maintenance/Device_Maintenance/Pods
    
    Using response file: /Users/runner/Library/Developer/Xcode/DerivedData/DeviceMaintenance-flyuwdobxekbtzdsqajzqyikscoo/Build/Intermediates.noindex/ArchiveIntermediates/DeviceMaintenance/IntermediateBuildFilesPath/Pods.build/Release-iphoneos/SubscriptionKit.build/Objects-normal/arm64/e6072d4f65d7061329687fe24e3d63a7-common-args.resp
    
    builtin-ScanDependencies -o /Users/runner/Library/Developer/Xcode/DerivedData/DeviceMaintenance-flyuwdobxekbtzdsqajzqyikscoo/Build/Intermediates.noindex/ArchiveIntermediates/DeviceMaintenance/IntermediateBuildFilesPath/Pods.build/Release-iphoneos/SubscriptionKit.build/Objects-normal/arm64/SubscriptionKit-dummy.o.scan -- /Applications/Xcode_16.4.app/Contents/Developer/Toolchains/XcodeDefault.xctoolchain/usr/bin/clang -x objective-c -ivfsstatcache /Users/runner/Library/Developer/Xcode/DerivedData/SDKStatCaches.noindex/iphoneos18.5-22F76-a529daf784b3616c7c04a36aeb7f5c05.sdkstatcache -fmessage-length\=0 -fdiagnostics-show-note-include-stack -fmacro-backtrace-limit\=0 -fno-color-diagnostics -fmodules-prune-interval\=86400 -fmodules-prune-after\=345600 -fbuild-session-file\=/Users/runner/Library/Developer/Xcode/DerivedData/ModuleCache.noindex/Session.modulevalidation -fmodules-validate-once-per-build-session -Wnon-modular-include-in-framework-module -Werror\=non-modular-include-in-framework-module -Wno-trigraphs -Wno-missing-field-initializers -Wno-missing-prototypes -Werror\=return-type -Wdocumentation -Wunreachable-code -Wno-implicit-atomic-properties -Werror\=deprecated-objc-isa-usage -Wno-objc-interface-ivars -Werror\=objc-root-class -Wno-arc-repeated-use-of-weak -Wimplicit-retain-self -Wduplicate-method-match -Wno-missing-braces -Wparentheses -Wswitch -Wunused-function -Wno-unused-label -Wno-unused-parameter -Wunused-variable -Wunused-value -Wempty-body -Wuninitialized -Wconditional-uninitialized -Wno-unknown-pragmas -Wno-shadow -Wno-four-char-constants -Wno-conversion -Wconstant-conversion -Wint-conversion -Wbool-conversion -Wenum-conversion -Wno-float-conversion -Wnon-literal-null-conversion -Wobjc-literal-conversion -Wshorten-64-to-32 -Wpointer-sign -Wno-newline-eof -Wno-selector -Wno-strict-selector-match -Wundeclared-selector -Wdeprecated-implementations -Wno-implicit-fallthrough -fstrict-aliasing -Wprotocol -Wdeprecated-declarations -Wno-sign-conversion -Winfinite-recursion -Wcomma -Wblock-capture-autoreleasing -Wstrict-prototypes -Wno-semicolon-before-method-body -Wunguarded-availability @/Users/runner/Library/Developer/Xcode/DerivedData/DeviceMaintenance-flyuwdobxekbtzdsqajzqyikscoo/Build/Intermediates.noindex/ArchiveIntermediates/DeviceMaintenance/IntermediateBuildFilesPath/Pods.build/Release-iphoneos/SubscriptionKit.build/Objects-normal/arm64/e6072d4f65d7061329687fe24e3d63a7-common-args.resp -include /Users/runner/work/Device_Maintenance/Device_Maintenance/Pods/Target\ Support\ Files/SubscriptionKit/SubscriptionKit-prefix.pch -MMD -MT dependencies -MF /Users/runner/Library/Developer/Xcode/DerivedData/DeviceMaintenance-flyuwdobxekbtzdsqajzqyikscoo/Build/Intermediates.noindex/ArchiveIntermediates/DeviceMaintenance/IntermediateBuildFilesPath/Pods.build/Release-iphoneos/SubscriptionKit.build/Objects-normal/arm64/SubscriptionKit-dummy.d --serialize-diagnostics /Users/runner/Library/Developer/Xcode/DerivedData/DeviceMaintenance-flyuwdobxekbtzdsqajzqyikscoo/Build/Intermediates.noindex/ArchiveIntermediates/DeviceMaintenance/IntermediateBuildFilesPath/Pods.build/Release-iphoneos/SubscriptionKit.build/Objects-normal/arm64/SubscriptionKit-dummy.dia -c /Users/runner/work/Device_Maintenance/Device_Maintenance/Pods/Target\ Support\ Files/SubscriptionKit/SubscriptionKit-dummy.m -o /Users/runner/Library/Developer/Xcode/DerivedData/DeviceMaintenance-flyuwdobxekbtzdsqajzqyikscoo/Build/Intermediates.noindex/ArchiveIntermediates/DeviceMaintenance/IntermediateBuildFilesPath/Pods.build/Release-iphoneos/SubscriptionKit.build/Objects-normal/arm64/SubscriptionKit-dummy.o

ProcessProductPackaging /Users/runner/Library/MobileDevice/Provisioning\ Profiles/4eac8156-029a-4b74-b80e-16a501804d1c.mobileprovision /Users/runner/Library/Developer/Xcode/DerivedData/DeviceMaintenance-flyuwdobxekbtzdsqajzqyikscoo/Build/Intermediates.noindex/ArchiveIntermediates/DeviceMaintenance/InstallationBuildProductsLocation/Applications/DeviceMaintenance.app/embedded.mobileprovision (in target 'DeviceMaintenance' from project 'DeviceMaintenance')
    cd /Users/runner/work/Device_Maintenance/Device_Maintenance
    builtin-productPackagingUtility /Users/runner/Library/MobileDevice/Provisioning\ Profiles/4eac8156-029a-4b74-b80e-16a501804d1c.mobileprovision -o /Users/runner/Library/Developer/Xcode/DerivedData/DeviceMaintenance-flyuwdobxekbtzdsqajzqyikscoo/Build/Intermediates.noindex/ArchiveIntermediates/DeviceMaintenance/InstallationBuildProductsLocation/Applications/DeviceMaintenance.app/embedded.mobileprovision

ProcessProductPackaging "" /Users/runner/Library/Developer/Xcode/DerivedData/DeviceMaintenance-flyuwdobxekbtzdsqajzqyikscoo/Build/Intermediates.noindex/ArchiveIntermediates/DeviceMaintenance/IntermediateBuildFilesPath/DeviceMaintenance.build/Release-iphoneos/DeviceMaintenance.build/DeviceMaintenance.app.xcent (in target 'DeviceMaintenance' from project 'DeviceMaintenance')
    cd /Users/runner/work/Device_Maintenance/Device_Maintenance
    
    Entitlements:
    
    {
    "application-identifier" = "5KXRGHQW48.com.maintenance.abkhasian.ablach";
    "beta-reports-active" = 1;
    "com.apple.developer.team-identifier" = 5KXRGHQW48;
    "get-task-allow" = 0;
}
    
    builtin-productPackagingUtility -entitlements -format xml -o /Users/runner/Library/Developer/Xcode/DerivedData/DeviceMaintenance-flyuwdobxekbtzdsqajzqyikscoo/Build/Intermediates.noindex/ArchiveIntermediates/DeviceMaintenance/IntermediateBuildFilesPath/DeviceMaintenance.build/Release-iphoneos/DeviceMaintenance.build/DeviceMaintenance.app.xcent

CompileC /Users/runner/Library/Developer/Xcode/DerivedData/DeviceMaintenance-flyuwdobxekbtzdsqajzqyikscoo/Build/Intermediates.noindex/ArchiveIntermediates/DeviceMaintenance/IntermediateBuildFilesPath/Pods.build/Release-iphoneos/SubscriptionKit.build/Objects-normal/arm64/SubscriptionKit_vers.o /Users/runner/Library/Developer/Xcode/DerivedData/DeviceMaintenance-flyuwdobxekbtzdsqajzqyikscoo/Build/Intermediates.noindex/ArchiveIntermediates/DeviceMaintenance/IntermediateBuildFilesPath/Pods.build/Release-iphoneos/SubscriptionKit.build/DerivedSources/SubscriptionKit_vers.c normal arm64 c com.apple.compilers.llvm.clang.1_0.compiler (in target 'SubscriptionKit' from project 'Pods')
    cd /Users/runner/work/Device_Maintenance/Device_Maintenance/Pods
    
    Using response file: /Users/runner/Library/Developer/Xcode/DerivedData/DeviceMaintenance-flyuwdobxekbtzdsqajzqyikscoo/Build/Intermediates.noindex/ArchiveIntermediates/DeviceMaintenance/IntermediateBuildFilesPath/Pods.build/Release-iphoneos/SubscriptionKit.build/Objects-normal/arm64/7187679823f38a2a940e0043cdf9d637-common-args.resp
    
    /Applications/Xcode_16.4.app/Contents/Developer/Toolchains/XcodeDefault.xctoolchain/usr/bin/clang -x c -ivfsstatcache /Users/runner/Library/Developer/Xcode/DerivedData/SDKStatCaches.noindex/iphoneos18.5-22F76-a529daf784b3616c7c04a36aeb7f5c05.sdkstatcache -fmessage-length\=0 -fdiagnostics-show-note-include-stack -fmacro-backtrace-limit\=0 -fno-color-diagnostics -fmodules-prune-interval\=86400 -fmodules-prune-after\=345600 -fbuild-session-file\=/Users/runner/Library/Developer/Xcode/DerivedData/ModuleCache.noindex/Session.modulevalidation -fmodules-validate-once-per-build-session -Wnon-modular-include-in-framework-module -Werror\=non-modular-include-in-framework-module -Wno-trigraphs -Wno-missing-field-initializers -Wno-missing-prototypes -Werror\=return-type -Wdocumentation -Wunreachable-code -Werror\=deprecated-objc-isa-usage -Werror\=objc-root-class -Wno-missing-braces -Wparentheses -Wswitch -Wunused-function -Wno-unused-label -Wno-unused-parameter -Wunused-variable -Wunused-value -Wempty-body -Wuninitialized -Wconditional-uninitialized -Wno-unknown-pragmas -Wno-shadow -Wno-four-char-constants -Wno-conversion -Wconstant-conversion -Wint-conversion -Wbool-conversion -Wenum-conversion -Wno-float-conversion -Wnon-literal-null-conversion -Wobjc-literal-conversion -Wshorten-64-to-32 -Wpointer-sign -Wno-newline-eof -Wno-implicit-fallthrough -fstrict-aliasing -Wdeprecated-declarations -Wno-sign-conversion -Winfinite-recursion -Wcomma -Wblock-capture-autoreleasing -Wstrict-prototypes -Wno-semicolon-before-method-body -Wunguarded-availability @/Users/runner/Library/Developer/Xcode/DerivedData/DeviceMaintenance-flyuwdobxekbtzdsqajzqyikscoo/Build/Intermediates.noindex/ArchiveIntermediates/DeviceMaintenance/IntermediateBuildFilesPath/Pods.build/Release-iphoneos/SubscriptionKit.build/Objects-normal/arm64/7187679823f38a2a940e0043cdf9d637-common-args.resp -MMD -MT dependencies -MF /Users/runner/Library/Developer/Xcode/DerivedData/DeviceMaintenance-flyuwdobxekbtzdsqajzqyikscoo/Build/Intermediates.noindex/ArchiveIntermediates/DeviceMaintenance/IntermediateBuildFilesPath/Pods.build/Release-iphoneos/SubscriptionKit.build/Objects-normal/arm64/SubscriptionKit_vers.d --serialize-diagnostics /Users/runner/Library/Developer/Xcode/DerivedData/DeviceMaintenance-flyuwdobxekbtzdsqajzqyikscoo/Build/Intermediates.noindex/ArchiveIntermediates/DeviceMaintenance/IntermediateBuildFilesPath/Pods.build/Release-iphoneos/SubscriptionKit.build/Objects-normal/arm64/SubscriptionKit_vers.dia -c /Users/runner/Library/Developer/Xcode/DerivedData/DeviceMaintenance-flyuwdobxekbtzdsqajzqyikscoo/Build/Intermediates.noindex/ArchiveIntermediates/DeviceMaintenance/IntermediateBuildFilesPath/Pods.build/Release-iphoneos/SubscriptionKit.build/DerivedSources/SubscriptionKit_vers.c -o /Users/runner/Library/Developer/Xcode/DerivedData/DeviceMaintenance-flyuwdobxekbtzdsqajzqyikscoo/Build/Intermediates.noindex/ArchiveIntermediates/DeviceMaintenance/IntermediateBuildFilesPath/Pods.build/Release-iphoneos/SubscriptionKit.build/Objects-normal/arm64/SubscriptionKit_vers.o

ProcessProductPackagingDER /Users/runner/Library/Developer/Xcode/DerivedData/DeviceMaintenance-flyuwdobxekbtzdsqajzqyikscoo/Build/Intermediates.noindex/ArchiveIntermediates/DeviceMaintenance/IntermediateBuildFilesPath/DeviceMaintenance.build/Release-iphoneos/DeviceMaintenance.build/DeviceMaintenance.app.xcent /Users/runner/Library/Developer/Xcode/DerivedData/DeviceMaintenance-flyuwdobxekbtzdsqajzqyikscoo/Build/Intermediates.noindex/ArchiveIntermediates/DeviceMaintenance/IntermediateBuildFilesPath/DeviceMaintenance.build/Release-iphoneos/DeviceMaintenance.build/DeviceMaintenance.app.xcent.der (in target 'DeviceMaintenance' from project 'DeviceMaintenance')
    cd /Users/runner/work/Device_Maintenance/Device_Maintenance
    /usr/bin/derq query -f xml -i /Users/runner/Library/Developer/Xcode/DerivedData/DeviceMaintenance-flyuwdobxekbtzdsqajzqyikscoo/Build/Intermediates.noindex/ArchiveIntermediates/DeviceMaintenance/IntermediateBuildFilesPath/DeviceMaintenance.build/Release-iphoneos/DeviceMaintenance.build/DeviceMaintenance.app.xcent -o /Users/runner/Library/Developer/Xcode/DerivedData/DeviceMaintenance-flyuwdobxekbtzdsqajzqyikscoo/Build/Intermediates.noindex/ArchiveIntermediates/DeviceMaintenance/IntermediateBuildFilesPath/DeviceMaintenance.build/Release-iphoneos/DeviceMaintenance.build/DeviceMaintenance.app.xcent.der --raw

ScanDependencies /Users/runner/Library/Developer/Xcode/DerivedData/DeviceMaintenance-flyuwdobxekbtzdsqajzqyikscoo/Build/Intermediates.noindex/ArchiveIntermediates/DeviceMaintenance/IntermediateBuildFilesPath/Pods.build/Release-iphoneos/Pods-DeviceMaintenance.build/Objects-normal/arm64/Pods_DeviceMaintenance_vers.o /Users/runner/Library/Developer/Xcode/DerivedData/DeviceMaintenance-flyuwdobxekbtzdsqajzqyikscoo/Build/Intermediates.noindex/ArchiveIntermediates/DeviceMaintenance/IntermediateBuildFilesPath/Pods.build/Release-iphoneos/Pods-DeviceMaintenance.build/DerivedSources/Pods_DeviceMaintenance_vers.c normal arm64 c com.apple.compilers.llvm.clang.1_0.compiler (in target 'Pods-DeviceMaintenance' from project 'Pods')
    cd /Users/runner/work/Device_Maintenance/Device_Maintenance/Pods
    
    Using response file: /Users/runner/Library/Developer/Xcode/DerivedData/DeviceMaintenance-flyuwdobxekbtzdsqajzqyikscoo/Build/Intermediates.noindex/ArchiveIntermediates/DeviceMaintenance/IntermediateBuildFilesPath/Pods.build/Release-iphoneos/Pods-DeviceMaintenance.build/Objects-normal/arm64/7187679823f38a2a940e0043cdf9d637-common-args.resp
    
    builtin-ScanDependencies -o /Users/runner/Library/Developer/Xcode/DerivedData/DeviceMaintenance-flyuwdobxekbtzdsqajzqyikscoo/Build/Intermediates.noindex/ArchiveIntermediates/DeviceMaintenance/IntermediateBuildFilesPath/Pods.build/Release-iphoneos/Pods-DeviceMaintenance.build/Objects-normal/arm64/Pods_DeviceMaintenance_vers.o.scan -- /Applications/Xcode_16.4.app/Contents/Developer/Toolchains/XcodeDefault.xctoolchain/usr/bin/clang -x c -ivfsstatcache /Users/runner/Library/Developer/Xcode/DerivedData/SDKStatCaches.noindex/iphoneos18.5-22F76-a529daf784b3616c7c04a36aeb7f5c05.sdkstatcache -fmessage-length\=0 -fdiagnostics-show-note-include-stack -fmacro-backtrace-limit\=0 -fno-color-diagnostics -fmodules-prune-interval\=86400 -fmodules-prune-after\=345600 -fbuild-session-file\=/Users/runner/Library/Developer/Xcode/DerivedData/ModuleCache.noindex/Session.modulevalidation -fmodules-validate-once-per-build-session -Wnon-modular-include-in-framework-module -Werror\=non-modular-include-in-framework-module -Wno-trigraphs -Wno-missing-field-initializers -Wno-missing-prototypes -Werror\=return-type -Wdocumentation -Wunreachable-code -Werror\=deprecated-objc-isa-usage -Werror\=objc-root-class -Wno-missing-braces -Wparentheses -Wswitch -Wunused-function -Wno-unused-label -Wno-unused-parameter -Wunused-variable -Wunused-value -Wempty-body -Wuninitialized -Wconditional-uninitialized -Wno-unknown-pragmas -Wno-shadow -Wno-four-char-constants -Wno-conversion -Wconstant-conversion -Wint-conversion -Wbool-conversion -Wenum-conversion -Wno-float-conversion -Wnon-literal-null-conversion -Wobjc-literal-conversion -Wshorten-64-to-32 -Wpointer-sign -Wno-newline-eof -Wno-implicit-fallthrough -fstrict-aliasing -Wdeprecated-declarations -Wno-sign-conversion -Winfinite-recursion -Wcomma -Wblock-capture-autoreleasing -Wstrict-prototypes -Wno-semicolon-before-method-body -Wunguarded-availability @/Users/runner/Library/Developer/Xcode/DerivedData/DeviceMaintenance-flyuwdobxekbtzdsqajzqyikscoo/Build/Intermediates.noindex/ArchiveIntermediates/DeviceMaintenance/IntermediateBuildFilesPath/Pods.build/Release-iphoneos/Pods-DeviceMaintenance.build/Objects-normal/arm64/7187679823f38a2a940e0043cdf9d637-common-args.resp -MMD -MT dependencies -MF /Users/runner/Library/Developer/Xcode/DerivedData/DeviceMaintenance-flyuwdobxekbtzdsqajzqyikscoo/Build/Intermediates.noindex/ArchiveIntermediates/DeviceMaintenance/IntermediateBuildFilesPath/Pods.build/Release-iphoneos/Pods-DeviceMaintenance.build/Objects-normal/arm64/Pods_DeviceMaintenance_vers.d --serialize-diagnostics /Users/runner/Library/Developer/Xcode/DerivedData/DeviceMaintenance-flyuwdobxekbtzdsqajzqyikscoo/Build/Intermediates.noindex/ArchiveIntermediates/DeviceMaintenance/IntermediateBuildFilesPath/Pods.build/Release-iphoneos/Pods-DeviceMaintenance.build/Objects-normal/arm64/Pods_DeviceMaintenance_vers.dia -c /Users/runner/Library/Developer/Xcode/DerivedData/DeviceMaintenance-flyuwdobxekbtzdsqajzqyikscoo/Build/Intermediates.noindex/ArchiveIntermediates/DeviceMaintenance/IntermediateBuildFilesPath/Pods.build/Release-iphoneos/Pods-DeviceMaintenance.build/DerivedSources/Pods_DeviceMaintenance_vers.c -o /Users/runner/Library/Developer/Xcode/DerivedData/DeviceMaintenance-flyuwdobxekbtzdsqajzqyikscoo/Build/Intermediates.noindex/ArchiveIntermediates/DeviceMaintenance/IntermediateBuildFilesPath/Pods.build/Release-iphoneos/Pods-DeviceMaintenance.build/Objects-normal/arm64/Pods_DeviceMaintenance_vers.o

ScanDependencies /Users/runner/Library/Developer/Xcode/DerivedData/DeviceMaintenance-flyuwdobxekbtzdsqajzqyikscoo/Build/Intermediates.noindex/ArchiveIntermediates/DeviceMaintenance/IntermediateBuildFilesPath/Pods.build/Release-iphoneos/Pods-DeviceMaintenance.build/Objects-normal/arm64/Pods-DeviceMaintenance-dummy.o /Users/runner/work/Device_Maintenance/Device_Maintenance/Pods/Target\ Support\ Files/Pods-DeviceMaintenance/Pods-DeviceMaintenance-dummy.m normal arm64 objective-c com.apple.compilers.llvm.clang.1_0.compiler (in target 'Pods-DeviceMaintenance' from project 'Pods')
    cd /Users/runner/work/Device_Maintenance/Device_Maintenance/Pods
    
    Using response file: /Users/runner/Library/Developer/Xcode/DerivedData/DeviceMaintenance-flyuwdobxekbtzdsqajzqyikscoo/Build/Intermediates.noindex/ArchiveIntermediates/DeviceMaintenance/IntermediateBuildFilesPath/Pods.build/Release-iphoneos/Pods-DeviceMaintenance.build/Objects-normal/arm64/e6072d4f65d7061329687fe24e3d63a7-common-args.resp
    
    builtin-ScanDependencies -o /Users/runner/Library/Developer/Xcode/DerivedData/DeviceMaintenance-flyuwdobxekbtzdsqajzqyikscoo/Build/Intermediates.noindex/ArchiveIntermediates/DeviceMaintenance/IntermediateBuildFilesPath/Pods.build/Release-iphoneos/Pods-DeviceMaintenance.build/Objects-normal/arm64/Pods-DeviceMaintenance-dummy.o.scan -- /Applications/Xcode_16.4.app/Contents/Developer/Toolchains/XcodeDefault.xctoolchain/usr/bin/clang -x objective-c -ivfsstatcache /Users/runner/Library/Developer/Xcode/DerivedData/SDKStatCaches.noindex/iphoneos18.5-22F76-a529daf784b3616c7c04a36aeb7f5c05.sdkstatcache -fmessage-length\=0 -fdiagnostics-show-note-include-stack -fmacro-backtrace-limit\=0 -fno-color-diagnostics -fmodules-prune-interval\=86400 -fmodules-prune-after\=345600 -fbuild-session-file\=/Users/runner/Library/Developer/Xcode/DerivedData/ModuleCache.noindex/Session.modulevalidation -fmodules-validate-once-per-build-session -Wnon-modular-include-in-framework-module -Werror\=non-modular-include-in-framework-module -Wno-trigraphs -Wno-missing-field-initializers -Wno-missing-prototypes -Werror\=return-type -Wdocumentation -Wunreachable-code -Wno-implicit-atomic-properties -Werror\=deprecated-objc-isa-usage -Wno-objc-interface-ivars -Werror\=objc-root-class -Wno-arc-repeated-use-of-weak -Wimplicit-retain-self -Wduplicate-method-match -Wno-missing-braces -Wparentheses -Wswitch -Wunused-function -Wno-unused-label -Wno-unused-parameter -Wunused-variable -Wunused-value -Wempty-body -Wuninitialized -Wconditional-uninitialized -Wno-unknown-pragmas -Wno-shadow -Wno-four-char-constants -Wno-conversion -Wconstant-conversion -Wint-conversion -Wbool-conversion -Wenum-conversion -Wno-float-conversion -Wnon-literal-null-conversion -Wobjc-literal-conversion -Wshorten-64-to-32 -Wpointer-sign -Wno-newline-eof -Wno-selector -Wno-strict-selector-match -Wundeclared-selector -Wdeprecated-implementations -Wno-implicit-fallthrough -fstrict-aliasing -Wprotocol -Wdeprecated-declarations -Wno-sign-conversion -Winfinite-recursion -Wcomma -Wblock-capture-autoreleasing -Wstrict-prototypes -Wno-semicolon-before-method-body -Wunguarded-availability @/Users/runner/Library/Developer/Xcode/DerivedData/DeviceMaintenance-flyuwdobxekbtzdsqajzqyikscoo/Build/Intermediates.noindex/ArchiveIntermediates/DeviceMaintenance/IntermediateBuildFilesPath/Pods.build/Release-iphoneos/Pods-DeviceMaintenance.build/Objects-normal/arm64/e6072d4f65d7061329687fe24e3d63a7-common-args.resp -MMD -MT dependencies -MF /Users/runner/Library/Developer/Xcode/DerivedData/DeviceMaintenance-flyuwdobxekbtzdsqajzqyikscoo/Build/Intermediates.noindex/ArchiveIntermediates/DeviceMaintenance/IntermediateBuildFilesPath/Pods.build/Release-iphoneos/Pods-DeviceMaintenance.build/Objects-normal/arm64/Pods-DeviceMaintenance-dummy.d --serialize-diagnostics /Users/runner/Library/Developer/Xcode/DerivedData/DeviceMaintenance-flyuwdobxekbtzdsqajzqyikscoo/Build/Intermediates.noindex/ArchiveIntermediates/DeviceMaintenance/IntermediateBuildFilesPath/Pods.build/Release-iphoneos/Pods-DeviceMaintenance.build/Objects-normal/arm64/Pods-DeviceMaintenance-dummy.dia -c /Users/runner/work/Device_Maintenance/Device_Maintenance/Pods/Target\ Support\ Files/Pods-DeviceMaintenance/Pods-DeviceMaintenance-dummy.m -o /Users/runner/Library/Developer/Xcode/DerivedData/DeviceMaintenance-flyuwdobxekbtzdsqajzqyikscoo/Build/Intermediates.noindex/ArchiveIntermediates/DeviceMaintenance/IntermediateBuildFilesPath/Pods.build/Release-iphoneos/Pods-DeviceMaintenance.build/Objects-normal/arm64/Pods-DeviceMaintenance-dummy.o

CompileC /Users/runner/Library/Developer/Xcode/DerivedData/DeviceMaintenance-flyuwdobxekbtzdsqajzqyikscoo/Build/Intermediates.noindex/ArchiveIntermediates/DeviceMaintenance/IntermediateBuildFilesPath/Pods.build/Release-iphoneos/Pods-DeviceMaintenance.build/Objects-normal/arm64/Pods_DeviceMaintenance_vers.o /Users/runner/Library/Developer/Xcode/DerivedData/DeviceMaintenance-flyuwdobxekbtzdsqajzqyikscoo/Build/Intermediates.noindex/ArchiveIntermediates/DeviceMaintenance/IntermediateBuildFilesPath/Pods.build/Release-iphoneos/Pods-DeviceMaintenance.build/DerivedSources/Pods_DeviceMaintenance_vers.c normal arm64 c com.apple.compilers.llvm.clang.1_0.compiler (in target 'Pods-DeviceMaintenance' from project 'Pods')
    cd /Users/runner/work/Device_Maintenance/Device_Maintenance/Pods
    
    Using response file: /Users/runner/Library/Developer/Xcode/DerivedData/DeviceMaintenance-flyuwdobxekbtzdsqajzqyikscoo/Build/Intermediates.noindex/ArchiveIntermediates/DeviceMaintenance/IntermediateBuildFilesPath/Pods.build/Release-iphoneos/Pods-DeviceMaintenance.build/Objects-normal/arm64/7187679823f38a2a940e0043cdf9d637-common-args.resp
    
    /Applications/Xcode_16.4.app/Contents/Developer/Toolchains/XcodeDefault.xctoolchain/usr/bin/clang -x c -ivfsstatcache /Users/runner/Library/Developer/Xcode/DerivedData/SDKStatCaches.noindex/iphoneos18.5-22F76-a529daf784b3616c7c04a36aeb7f5c05.sdkstatcache -fmessage-length\=0 -fdiagnostics-show-note-include-stack -fmacro-backtrace-limit\=0 -fno-color-diagnostics -fmodules-prune-interval\=86400 -fmodules-prune-after\=345600 -fbuild-session-file\=/Users/runner/Library/Developer/Xcode/DerivedData/ModuleCache.noindex/Session.modulevalidation -fmodules-validate-once-per-build-session -Wnon-modular-include-in-framework-module -Werror\=non-modular-include-in-framework-module -Wno-trigraphs -Wno-missing-field-initializers -Wno-missing-prototypes -Werror\=return-type -Wdocumentation -Wunreachable-code -Werror\=deprecated-objc-isa-usage -Werror\=objc-root-class -Wno-missing-braces -Wparentheses -Wswitch -Wunused-function -Wno-unused-label -Wno-unused-parameter -Wunused-variable -Wunused-value -Wempty-body -Wuninitialized -Wconditional-uninitialized -Wno-unknown-pragmas -Wno-shadow -Wno-four-char-constants -Wno-conversion -Wconstant-conversion -Wint-conversion -Wbool-conversion -Wenum-conversion -Wno-float-conversion -Wnon-literal-null-conversion -Wobjc-literal-conversion -Wshorten-64-to-32 -Wpointer-sign -Wno-newline-eof -Wno-implicit-fallthrough -fstrict-aliasing -Wdeprecated-declarations -Wno-sign-conversion -Winfinite-recursion -Wcomma -Wblock-capture-autoreleasing -Wstrict-prototypes -Wno-semicolon-before-method-body -Wunguarded-availability @/Users/runner/Library/Developer/Xcode/DerivedData/DeviceMaintenance-flyuwdobxekbtzdsqajzqyikscoo/Build/Intermediates.noindex/ArchiveIntermediates/DeviceMaintenance/IntermediateBuildFilesPath/Pods.build/Release-iphoneos/Pods-DeviceMaintenance.build/Objects-normal/arm64/7187679823f38a2a940e0043cdf9d637-common-args.resp -MMD -MT dependencies -MF /Users/runner/Library/Developer/Xcode/DerivedData/DeviceMaintenance-flyuwdobxekbtzdsqajzqyikscoo/Build/Intermediates.noindex/ArchiveIntermediates/DeviceMaintenance/IntermediateBuildFilesPath/Pods.build/Release-iphoneos/Pods-DeviceMaintenance.build/Objects-normal/arm64/Pods_DeviceMaintenance_vers.d --serialize-diagnostics /Users/runner/Library/Developer/Xcode/DerivedData/DeviceMaintenance-flyuwdobxekbtzdsqajzqyikscoo/Build/Intermediates.noindex/ArchiveIntermediates/DeviceMaintenance/IntermediateBuildFilesPath/Pods.build/Release-iphoneos/Pods-DeviceMaintenance.build/Objects-normal/arm64/Pods_DeviceMaintenance_vers.dia -c /Users/runner/Library/Developer/Xcode/DerivedData/DeviceMaintenance-flyuwdobxekbtzdsqajzqyikscoo/Build/Intermediates.noindex/ArchiveIntermediates/DeviceMaintenance/IntermediateBuildFilesPath/Pods.build/Release-iphoneos/Pods-DeviceMaintenance.build/DerivedSources/Pods_DeviceMaintenance_vers.c -o /Users/runner/Library/Developer/Xcode/DerivedData/DeviceMaintenance-flyuwdobxekbtzdsqajzqyikscoo/Build/Intermediates.noindex/ArchiveIntermediates/DeviceMaintenance/IntermediateBuildFilesPath/Pods.build/Release-iphoneos/Pods-DeviceMaintenance.build/Objects-normal/arm64/Pods_DeviceMaintenance_vers.o

PrecompileModule /Users/runner/Library/Developer/Xcode/DerivedData/DeviceMaintenance-flyuwdobxekbtzdsqajzqyikscoo/Build/Intermediates.noindex/ArchiveIntermediates/DeviceMaintenance/IntermediateBuildFilesPath/ExplicitPrecompiledModules/_Builtin_stdbool-B86XLSCDF25FGXB5VG8A5B16H.scan
    cd /Users/runner/work/Device_Maintenance/Device_Maintenance/Pods
    builtin-precompileModule /Users/runner/Library/Developer/Xcode/DerivedData/DeviceMaintenance-flyuwdobxekbtzdsqajzqyikscoo/Build/Intermediates.noindex/ArchiveIntermediates/DeviceMaintenance/IntermediateBuildFilesPath/ExplicitPrecompiledModules/_Builtin_stdbool-B86XLSCDF25FGXB5VG8A5B16H.scan

PrecompileModule /Users/runner/Library/Developer/Xcode/DerivedData/DeviceMaintenance-flyuwdobxekbtzdsqajzqyikscoo/Build/Intermediates.noindex/ArchiveIntermediates/DeviceMaintenance/IntermediateBuildFilesPath/ExplicitPrecompiledModules/_fenv-7ITAZVOCMGYIMLZUJMBLICEKQ.scan
    cd /Users/runner/work/Device_Maintenance/Device_Maintenance/Pods
    builtin-precompileModule /Users/runner/Library/Developer/Xcode/DerivedData/DeviceMaintenance-flyuwdobxekbtzdsqajzqyikscoo/Build/Intermediates.noindex/ArchiveIntermediates/DeviceMaintenance/IntermediateBuildFilesPath/ExplicitPrecompiledModules/_fenv-7ITAZVOCMGYIMLZUJMBLICEKQ.scan

PrecompileModule /Users/runner/Library/Developer/Xcode/DerivedData/DeviceMaintenance-flyuwdobxekbtzdsqajzqyikscoo/Build/Intermediates.noindex/ArchiveIntermediates/DeviceMaintenance/IntermediateBuildFilesPath/ExplicitPrecompiledModules/ptrcheck-5K3QK4FW982T0KWNFIY60WQPG.scan
    cd /Users/runner/work/Device_Maintenance/Device_Maintenance/Pods
    builtin-precompileModule /Users/runner/Library/Developer/Xcode/DerivedData/DeviceMaintenance-flyuwdobxekbtzdsqajzqyikscoo/Build/Intermediates.noindex/ArchiveIntermediates/DeviceMaintenance/IntermediateBuildFilesPath/ExplicitPrecompiledModules/ptrcheck-5K3QK4FW982T0KWNFIY60WQPG.scan

PrecompileModule /Users/runner/Library/Developer/Xcode/DerivedData/DeviceMaintenance-flyuwdobxekbtzdsqajzqyikscoo/Build/Intermediates.noindex/ArchiveIntermediates/DeviceMaintenance/IntermediateBuildFilesPath/ExplicitPrecompiledModules/_Builtin_stdarg-EFCVOCQICFKNIUEQ6ZSFS68R3.scan
    cd /Users/runner/work/Device_Maintenance/Device_Maintenance/Pods
    builtin-precompileModule /Users/runner/Library/Developer/Xcode/DerivedData/DeviceMaintenance-flyuwdobxekbtzdsqajzqyikscoo/Build/Intermediates.noindex/ArchiveIntermediates/DeviceMaintenance/IntermediateBuildFilesPath/ExplicitPrecompiledModules/_Builtin_stdarg-EFCVOCQICFKNIUEQ6ZSFS68R3.scan

PrecompileModule /Users/runner/Library/Developer/Xcode/DerivedData/DeviceMaintenance-flyuwdobxekbtzdsqajzqyikscoo/Build/Intermediates.noindex/ArchiveIntermediates/DeviceMaintenance/IntermediateBuildFilesPath/ExplicitPrecompiledModules/ptrauth-CO2O80R980HQ7KI3LARJ4JVBO.scan
    cd /Users/runner/work/Device_Maintenance/Device_Maintenance/Pods
    builtin-precompileModule /Users/runner/Library/Developer/Xcode/DerivedData/DeviceMaintenance-flyuwdobxekbtzdsqajzqyikscoo/Build/Intermediates.noindex/ArchiveIntermediates/DeviceMaintenance/IntermediateBuildFilesPath/ExplicitPrecompiledModules/ptrauth-CO2O80R980HQ7KI3LARJ4JVBO.scan

PrecompileModule /Users/runner/Library/Developer/Xcode/DerivedData/DeviceMaintenance-flyuwdobxekbtzdsqajzqyikscoo/Build/Intermediates.noindex/ArchiveIntermediates/DeviceMaintenance/IntermediateBuildFilesPath/ExplicitPrecompiledModules/TargetConditionals-JJF566OHAXVCN1CC8GMSGNZH.scan
    cd /Users/runner/work/Device_Maintenance/Device_Maintenance/Pods
    builtin-precompileModule /Users/runner/Library/Developer/Xcode/DerivedData/DeviceMaintenance-flyuwdobxekbtzdsqajzqyikscoo/Build/Intermediates.noindex/ArchiveIntermediates/DeviceMaintenance/IntermediateBuildFilesPath/ExplicitPrecompiledModules/TargetConditionals-JJF566OHAXVCN1CC8GMSGNZH.scan

PrecompileModule /Users/runner/Library/Developer/Xcode/DerivedData/DeviceMaintenance-flyuwdobxekbtzdsqajzqyikscoo/Build/Intermediates.noindex/ArchiveIntermediates/DeviceMaintenance/IntermediateBuildFilesPath/ExplicitPrecompiledModules/os_availability_internal-6FERMZOLUXKLPWLC2K6U0Q8LZ.scan
    cd /Users/runner/work/Device_Maintenance/Device_Maintenance/Pods
    builtin-precompileModule /Users/runner/Library/Developer/Xcode/DerivedData/DeviceMaintenance-flyuwdobxekbtzdsqajzqyikscoo/Build/Intermediates.noindex/ArchiveIntermediates/DeviceMaintenance/IntermediateBuildFilesPath/ExplicitPrecompiledModules/os_availability_internal-6FERMZOLUXKLPWLC2K6U0Q8LZ.scan

PrecompileModule /Users/runner/Library/Developer/Xcode/DerivedData/DeviceMaintenance-flyuwdobxekbtzdsqajzqyikscoo/Build/Intermediates.noindex/ArchiveIntermediates/DeviceMaintenance/IntermediateBuildFilesPath/ExplicitPrecompiledModules/_Builtin_iso646-9UERAIE48LTF9MJN8DMD1RPES.scan
    cd /Users/runner/work/Device_Maintenance/Device_Maintenance/Pods
    builtin-precompileModule /Users/runner/Library/Developer/Xcode/DerivedData/DeviceMaintenance-flyuwdobxekbtzdsqajzqyikscoo/Build/Intermediates.noindex/ArchiveIntermediates/DeviceMaintenance/IntermediateBuildFilesPath/ExplicitPrecompiledModules/_Builtin_iso646-9UERAIE48LTF9MJN8DMD1RPES.scan

PrecompileModule /Users/runner/Library/Developer/Xcode/DerivedData/DeviceMaintenance-flyuwdobxekbtzdsqajzqyikscoo/Build/Intermediates.noindex/ArchiveIntermediates/DeviceMaintenance/IntermediateBuildFilesPath/ExplicitPrecompiledModules/_Builtin_stddef-ER0ONS5EEYUK3SYEP1SGTAZL0.scan
    cd /Users/runner/work/Device_Maintenance/Device_Maintenance/Pods
    builtin-precompileModule /Users/runner/Library/Developer/Xcode/DerivedData/DeviceMaintenance-flyuwdobxekbtzdsqajzqyikscoo/Build/Intermediates.noindex/ArchiveIntermediates/DeviceMaintenance/IntermediateBuildFilesPath/ExplicitPrecompiledModules/_Builtin_stddef-ER0ONS5EEYUK3SYEP1SGTAZL0.scan

PrecompileModule /Users/runner/Library/Developer/Xcode/DerivedData/DeviceMaintenance-flyuwdobxekbtzdsqajzqyikscoo/Build/Intermediates.noindex/ArchiveIntermediates/DeviceMaintenance/IntermediateBuildFilesPath/ExplicitPrecompiledModules/_float-9JKAY1U9EVUEEOAAM5FEOPGH9.scan
    cd /Users/runner/work/Device_Maintenance/Device_Maintenance/Pods
    builtin-precompileModule /Users/runner/Library/Developer/Xcode/DerivedData/DeviceMaintenance-flyuwdobxekbtzdsqajzqyikscoo/Build/Intermediates.noindex/ArchiveIntermediates/DeviceMaintenance/IntermediateBuildFilesPath/ExplicitPrecompiledModules/_float-9JKAY1U9EVUEEOAAM5FEOPGH9.scan

PrecompileModule /Users/runner/Library/Developer/Xcode/DerivedData/DeviceMaintenance-flyuwdobxekbtzdsqajzqyikscoo/Build/Intermediates.noindex/ArchiveIntermediates/DeviceMaintenance/IntermediateBuildFilesPath/ExplicitPrecompiledModules/os_availability-2FJJVMG2AW46P2B9HLZHLXJLI.scan
    cd /Users/runner/work/Device_Maintenance/Device_Maintenance/Pods
    builtin-precompileModule /Users/runner/Library/Developer/Xcode/DerivedData/DeviceMaintenance-flyuwdobxekbtzdsqajzqyikscoo/Build/Intermediates.noindex/ArchiveIntermediates/DeviceMaintenance/IntermediateBuildFilesPath/ExplicitPrecompiledModules/os_availability-2FJJVMG2AW46P2B9HLZHLXJLI.scan

PrecompileModule /Users/runner/Library/Developer/Xcode/DerivedData/DeviceMaintenance-flyuwdobxekbtzdsqajzqyikscoo/Build/Intermediates.noindex/ArchiveIntermediates/DeviceMaintenance/IntermediateBuildFilesPath/ExplicitPrecompiledModules/_Builtin_float-DWZ8T9UA8FZHTGG5XL2FL6YZS.scan
    cd /Users/runner/work/Device_Maintenance/Device_Maintenance/Pods
    builtin-precompileModule /Users/runner/Library/Developer/Xcode/DerivedData/DeviceMaintenance-flyuwdobxekbtzdsqajzqyikscoo/Build/Intermediates.noindex/ArchiveIntermediates/DeviceMaintenance/IntermediateBuildFilesPath/ExplicitPrecompiledModules/_Builtin_float-DWZ8T9UA8FZHTGG5XL2FL6YZS.scan

PrecompileModule /Users/runner/Library/Developer/Xcode/DerivedData/DeviceMaintenance-flyuwdobxekbtzdsqajzqyikscoo/Build/Intermediates.noindex/ArchiveIntermediates/DeviceMaintenance/IntermediateBuildFilesPath/ExplicitPrecompiledModules/DarwinFoundation-6NNMDI5KTL7FNX2MQXUKGRRPT.scan
    cd /Users/runner/work/Device_Maintenance/Device_Maintenance/Pods
    builtin-precompileModule /Users/runner/Library/Developer/Xcode/DerivedData/DeviceMaintenance-flyuwdobxekbtzdsqajzqyikscoo/Build/Intermediates.noindex/ArchiveIntermediates/DeviceMaintenance/IntermediateBuildFilesPath/ExplicitPrecompiledModules/DarwinFoundation-6NNMDI5KTL7FNX2MQXUKGRRPT.scan

PrecompileModule /Users/runner/Library/Developer/Xcode/DerivedData/DeviceMaintenance-flyuwdobxekbtzdsqajzqyikscoo/Build/Intermediates.noindex/ArchiveIntermediates/DeviceMaintenance/IntermediateBuildFilesPath/ExplicitPrecompiledModules/AvailabilityMacros-AGYDD5IVNR6HUP6VSIMAVO3EU.scan
    cd /Users/runner/work/Device_Maintenance/Device_Maintenance/Pods
    builtin-precompileModule /Users/runner/Library/Developer/Xcode/DerivedData/DeviceMaintenance-flyuwdobxekbtzdsqajzqyikscoo/Build/Intermediates.noindex/ArchiveIntermediates/DeviceMaintenance/IntermediateBuildFilesPath/ExplicitPrecompiledModules/AvailabilityMacros-AGYDD5IVNR6HUP6VSIMAVO3EU.scan

PrecompileModule /Users/runner/Library/Developer/Xcode/DerivedData/DeviceMaintenance-flyuwdobxekbtzdsqajzqyikscoo/Build/Intermediates.noindex/ArchiveIntermediates/DeviceMaintenance/IntermediateBuildFilesPath/ExplicitPrecompiledModules/_stdint-4OUMZPPNTBPG82WZBK6X9FMAK.scan
    cd /Users/runner/work/Device_Maintenance/Device_Maintenance/Pods
    builtin-precompileModule /Users/runner/Library/Developer/Xcode/DerivedData/DeviceMaintenance-flyuwdobxekbtzdsqajzqyikscoo/Build/Intermediates.noindex/ArchiveIntermediates/DeviceMaintenance/IntermediateBuildFilesPath/ExplicitPrecompiledModules/_stdint-4OUMZPPNTBPG82WZBK6X9FMAK.scan

PrecompileModule /Users/runner/Library/Developer/Xcode/DerivedData/DeviceMaintenance-flyuwdobxekbtzdsqajzqyikscoo/Build/Intermediates.noindex/ArchiveIntermediates/DeviceMaintenance/IntermediateBuildFilesPath/ExplicitPrecompiledModules/_strings-EKFI8Q81G67BJ1IP4XP2TUODH.scan
    cd /Users/runner/work/Device_Maintenance/Device_Maintenance/Pods
    builtin-precompileModule /Users/runner/Library/Developer/Xcode/DerivedData/DeviceMaintenance-flyuwdobxekbtzdsqajzqyikscoo/Build/Intermediates.noindex/ArchiveIntermediates/DeviceMaintenance/IntermediateBuildFilesPath/ExplicitPrecompiledModules/_strings-EKFI8Q81G67BJ1IP4XP2TUODH.scan

PrecompileModule /Users/runner/Library/Developer/Xcode/DerivedData/DeviceMaintenance-flyuwdobxekbtzdsqajzqyikscoo/Build/Intermediates.noindex/ArchiveIntermediates/DeviceMaintenance/IntermediateBuildFilesPath/ExplicitPrecompiledModules/uuid-DQ03X5FOK8ACVTA0A0R5FU0CU.scan
    cd /Users/runner/work/Device_Maintenance/Device_Maintenance/Pods
    builtin-precompileModule /Users/runner/Library/Developer/Xcode/DerivedData/DeviceMaintenance-flyuwdobxekbtzdsqajzqyikscoo/Build/Intermediates.noindex/ArchiveIntermediates/DeviceMaintenance/IntermediateBuildFilesPath/ExplicitPrecompiledModules/uuid-DQ03X5FOK8ACVTA0A0R5FU0CU.scan

PrecompileModule /Users/runner/Library/Developer/Xcode/DerivedData/DeviceMaintenance-flyuwdobxekbtzdsqajzqyikscoo/Build/Intermediates.noindex/ArchiveIntermediates/DeviceMaintenance/IntermediateBuildFilesPath/ExplicitPrecompiledModules/runetype-F1UJLH6VAZ8F6BOM2SG8VNY30.scan
    cd /Users/runner/work/Device_Maintenance/Device_Maintenance/Pods
    builtin-precompileModule /Users/runner/Library/Developer/Xcode/DerivedData/DeviceMaintenance-flyuwdobxekbtzdsqajzqyikscoo/Build/Intermediates.noindex/ArchiveIntermediates/DeviceMaintenance/IntermediateBuildFilesPath/ExplicitPrecompiledModules/runetype-F1UJLH6VAZ8F6BOM2SG8VNY30.scan

PrecompileModule /Users/runner/Library/Developer/Xcode/DerivedData/DeviceMaintenance-flyuwdobxekbtzdsqajzqyikscoo/Build/Intermediates.noindex/ArchiveIntermediates/DeviceMaintenance/IntermediateBuildFilesPath/ExplicitPrecompiledModules/mach-7ZIKV93M7WT39WWV9VP8FBIO2.scan
    cd /Users/runner/work/Device_Maintenance/Device_Maintenance/Pods
    builtin-precompileModule /Users/runner/Library/Developer/Xcode/DerivedData/DeviceMaintenance-flyuwdobxekbtzdsqajzqyikscoo/Build/Intermediates.noindex/ArchiveIntermediates/DeviceMaintenance/IntermediateBuildFilesPath/ExplicitPrecompiledModules/mach-7ZIKV93M7WT39WWV9VP8FBIO2.scan

PrecompileModule /Users/runner/Library/Developer/Xcode/DerivedData/DeviceMaintenance-flyuwdobxekbtzdsqajzqyikscoo/Build/Intermediates.noindex/ArchiveIntermediates/DeviceMaintenance/IntermediateBuildFilesPath/ExplicitPrecompiledModules/alloca-A865XRSPPGDAWFOC4GJJOWWXQ.scan
    cd /Users/runner/work/Device_Maintenance/Device_Maintenance/Pods
    builtin-precompileModule /Users/runner/Library/Developer/Xcode/DerivedData/DeviceMaintenance-flyuwdobxekbtzdsqajzqyikscoo/Build/Intermediates.noindex/ArchiveIntermediates/DeviceMaintenance/IntermediateBuildFilesPath/ExplicitPrecompiledModules/alloca-A865XRSPPGDAWFOC4GJJOWWXQ.scan

PrecompileModule /Users/runner/Library/Developer/Xcode/DerivedData/DeviceMaintenance-flyuwdobxekbtzdsqajzqyikscoo/Build/Intermediates.noindex/ArchiveIntermediates/DeviceMaintenance/IntermediateBuildFilesPath/ExplicitPrecompiledModules/_ctype-7K7OHZYPGLTLMW5Z25ZJ74IKD.scan
    cd /Users/runner/work/Device_Maintenance/Device_Maintenance/Pods
    builtin-precompileModule /Users/runner/Library/Developer/Xcode/DerivedData/DeviceMaintenance-flyuwdobxekbtzdsqajzqyikscoo/Build/Intermediates.noindex/ArchiveIntermediates/DeviceMaintenance/IntermediateBuildFilesPath/ExplicitPrecompiledModules/_ctype-7K7OHZYPGLTLMW5Z25ZJ74IKD.scan

PrecompileModule /Users/runner/Library/Developer/Xcode/DerivedData/DeviceMaintenance-flyuwdobxekbtzdsqajzqyikscoo/Build/Intermediates.noindex/ArchiveIntermediates/DeviceMaintenance/IntermediateBuildFilesPath/ExplicitPrecompiledModules/_complex-77SMD46KM44G1JI4KAEXUBJ9N.scan
    cd /Users/runner/work/Device_Maintenance/Device_Maintenance/Pods
    builtin-precompileModule /Users/runner/Library/Developer/Xcode/DerivedData/DeviceMaintenance-flyuwdobxekbtzdsqajzqyikscoo/Build/Intermediates.noindex/ArchiveIntermediates/DeviceMaintenance/IntermediateBuildFilesPath/ExplicitPrecompiledModules/_complex-77SMD46KM44G1JI4KAEXUBJ9N.scan

PrecompileModule /Users/runner/Library/Developer/Xcode/DerivedData/DeviceMaintenance-flyuwdobxekbtzdsqajzqyikscoo/Build/Intermediates.noindex/ArchiveIntermediates/DeviceMaintenance/IntermediateBuildFilesPath/ExplicitPrecompiledModules/_locale-B362DS0VFFIDEHWRURQFU2INH.scan
    cd /Users/runner/work/Device_Maintenance/Device_Maintenance/Pods
    builtin-precompileModule /Users/runner/Library/Developer/Xcode/DerivedData/DeviceMaintenance-flyuwdobxekbtzdsqajzqyikscoo/Build/Intermediates.noindex/ArchiveIntermediates/DeviceMaintenance/IntermediateBuildFilesPath/ExplicitPrecompiledModules/_locale-B362DS0VFFIDEHWRURQFU2INH.scan

PrecompileModule /Users/runner/Library/Developer/Xcode/DerivedData/DeviceMaintenance-flyuwdobxekbtzdsqajzqyikscoo/Build/Intermediates.noindex/ArchiveIntermediates/DeviceMaintenance/IntermediateBuildFilesPath/ExplicitPrecompiledModules/_assert-E5U95XBO928T3PI9HRW8QUKZ0.scan
    cd /Users/runner/work/Device_Maintenance/Device_Maintenance/Pods
    builtin-precompileModule /Users/runner/Library/Developer/Xcode/DerivedData/DeviceMaintenance-flyuwdobxekbtzdsqajzqyikscoo/Build/Intermediates.noindex/ArchiveIntermediates/DeviceMaintenance/IntermediateBuildFilesPath/ExplicitPrecompiledModules/_assert-E5U95XBO928T3PI9HRW8QUKZ0.scan

PrecompileModule /Users/runner/Library/Developer/Xcode/DerivedData/DeviceMaintenance-flyuwdobxekbtzdsqajzqyikscoo/Build/Intermediates.noindex/ArchiveIntermediates/DeviceMaintenance/IntermediateBuildFilesPath/ExplicitPrecompiledModules/__wctype-B5NS2ITA9RU7KZBQTON3BDCN2.scan
    cd /Users/runner/work/Device_Maintenance/Device_Maintenance/Pods
    builtin-precompileModule /Users/runner/Library/Developer/Xcode/DerivedData/DeviceMaintenance-flyuwdobxekbtzdsqajzqyikscoo/Build/Intermediates.noindex/ArchiveIntermediates/DeviceMaintenance/IntermediateBuildFilesPath/ExplicitPrecompiledModules/__wctype-B5NS2ITA9RU7KZBQTON3BDCN2.scan

PrecompileModule /Users/runner/Library/Developer/Xcode/DerivedData/DeviceMaintenance-flyuwdobxekbtzdsqajzqyikscoo/Build/Intermediates.noindex/ArchiveIntermediates/DeviceMaintenance/IntermediateBuildFilesPath/ExplicitPrecompiledModules/_setjmp-HFM77TJIVMVVVS3KRBLTJNJ6.scan
    cd /Users/runner/work/Device_Maintenance/Device_Maintenance/Pods
    builtin-precompileModule /Users/runner/Library/Developer/Xcode/DerivedData/DeviceMaintenance-flyuwdobxekbtzdsqajzqyikscoo/Build/Intermediates.noindex/ArchiveIntermediates/DeviceMaintenance/IntermediateBuildFilesPath/ExplicitPrecompiledModules/_setjmp-HFM77TJIVMVVVS3KRBLTJNJ6.scan

PrecompileModule /Users/runner/Library/Developer/Xcode/DerivedData/DeviceMaintenance-flyuwdobxekbtzdsqajzqyikscoo/Build/Intermediates.noindex/ArchiveIntermediates/DeviceMaintenance/IntermediateBuildFilesPath/ExplicitPrecompiledModules/netinet_in-3CDHLIFS6EYNFK004RJNR0OAY.scan
    cd /Users/runner/work/Device_Maintenance/Device_Maintenance/Pods
    builtin-precompileModule /Users/runner/Library/Developer/Xcode/DerivedData/DeviceMaintenance-flyuwdobxekbtzdsqajzqyikscoo/Build/Intermediates.noindex/ArchiveIntermediates/DeviceMaintenance/IntermediateBuildFilesPath/ExplicitPrecompiledModules/netinet_in-3CDHLIFS6EYNFK004RJNR0OAY.scan

PrecompileModule /Users/runner/Library/Developer/Xcode/DerivedData/DeviceMaintenance-flyuwdobxekbtzdsqajzqyikscoo/Build/Intermediates.noindex/ArchiveIntermediates/DeviceMaintenance/IntermediateBuildFilesPath/ExplicitPrecompiledModules/_sys_select-3JXU219GVU7RDJ4Q1PFXUC7N0.scan
    cd /Users/runner/work/Device_Maintenance/Device_Maintenance/Pods
    builtin-precompileModule /Users/runner/Library/Developer/Xcode/DerivedData/DeviceMaintenance-flyuwdobxekbtzdsqajzqyikscoo/Build/Intermediates.noindex/ArchiveIntermediates/DeviceMaintenance/IntermediateBuildFilesPath/ExplicitPrecompiledModules/_sys_select-3JXU219GVU7RDJ4Q1PFXUC7N0.scan

PrecompileModule /Users/runner/Library/Developer/Xcode/DerivedData/DeviceMaintenance-flyuwdobxekbtzdsqajzqyikscoo/Build/Intermediates.noindex/ArchiveIntermediates/DeviceMaintenance/IntermediateBuildFilesPath/ExplicitPrecompiledModules/_Builtin_stdint-9IXFRI5IJ77LFVYH1YMD20YTV.scan
    cd /Users/runner/work/Device_Maintenance/Device_Maintenance/Pods
    builtin-precompileModule /Users/runner/Library/Developer/Xcode/DerivedData/DeviceMaintenance-flyuwdobxekbtzdsqajzqyikscoo/Build/Intermediates.noindex/ArchiveIntermediates/DeviceMaintenance/IntermediateBuildFilesPath/ExplicitPrecompiledModules/_Builtin_stdint-9IXFRI5IJ77LFVYH1YMD20YTV.scan

PrecompileModule /Users/runner/Library/Developer/Xcode/DerivedData/DeviceMaintenance-flyuwdobxekbtzdsqajzqyikscoo/Build/Intermediates.noindex/ArchiveIntermediates/DeviceMaintenance/IntermediateBuildFilesPath/ExplicitPrecompiledModules/_limits-B39R8HU6H4L53VN1XE5KKX5GZ.scan
    cd /Users/runner/work/Device_Maintenance/Device_Maintenance/Pods
    builtin-precompileModule /Users/runner/Library/Developer/Xcode/DerivedData/DeviceMaintenance-flyuwdobxekbtzdsqajzqyikscoo/Build/Intermediates.noindex/ArchiveIntermediates/DeviceMaintenance/IntermediateBuildFilesPath/ExplicitPrecompiledModules/_limits-B39R8HU6H4L53VN1XE5KKX5GZ.scan

PrecompileModule /Users/runner/Library/Developer/Xcode/DerivedData/DeviceMaintenance-flyuwdobxekbtzdsqajzqyikscoo/Build/Intermediates.noindex/ArchiveIntermediates/DeviceMaintenance/IntermediateBuildFilesPath/ExplicitPrecompiledModules/xlocale-5KSVSQBYTLO3CHDQJCYRZ9JB7.scan
    cd /Users/runner/work/Device_Maintenance/Device_Maintenance/Pods
    builtin-precompileModule /Users/runner/Library/Developer/Xcode/DerivedData/DeviceMaintenance-flyuwdobxekbtzdsqajzqyikscoo/Build/Intermediates.noindex/ArchiveIntermediates/DeviceMaintenance/IntermediateBuildFilesPath/ExplicitPrecompiledModules/xlocale-5KSVSQBYTLO3CHDQJCYRZ9JB7.scan

PrecompileModule /Users/runner/Library/Developer/Xcode/DerivedData/DeviceMaintenance-flyuwdobxekbtzdsqajzqyikscoo/Build/Intermediates.noindex/ArchiveIntermediates/DeviceMaintenance/IntermediateBuildFilesPath/ExplicitPrecompiledModules/_inttypes-1P5BW3OCONW7X095J7JPEDUOC.scan
    cd /Users/runner/work/Device_Maintenance/Device_Maintenance/Pods
    builtin-precompileModule /Users/runner/Library/Developer/Xcode/DerivedData/DeviceMaintenance-flyuwdobxekbtzdsqajzqyikscoo/Build/Intermediates.noindex/ArchiveIntermediates/DeviceMaintenance/IntermediateBuildFilesPath/ExplicitPrecompiledModules/_inttypes-1P5BW3OCONW7X095J7JPEDUOC.scan

PrecompileModule /Users/runner/Library/Developer/Xcode/DerivedData/DeviceMaintenance-flyuwdobxekbtzdsqajzqyikscoo/Build/Intermediates.noindex/ArchiveIntermediates/DeviceMaintenance/IntermediateBuildFilesPath/ExplicitPrecompiledModules/_Builtin_limits-C2PAJ3NLCQR3P884SW6HR3LAZ.scan
    cd /Users/runner/work/Device_Maintenance/Device_Maintenance/Pods
    builtin-precompileModule /Users/runner/Library/Developer/Xcode/DerivedData/DeviceMaintenance-flyuwdobxekbtzdsqajzqyikscoo/Build/Intermediates.noindex/ArchiveIntermediates/DeviceMaintenance/IntermediateBuildFilesPath/ExplicitPrecompiledModules/_Builtin_limits-C2PAJ3NLCQR3P884SW6HR3LAZ.scan

PrecompileModule /Users/runner/Library/Developer/Xcode/DerivedData/DeviceMaintenance-flyuwdobxekbtzdsqajzqyikscoo/Build/Intermediates.noindex/ArchiveIntermediates/DeviceMaintenance/IntermediateBuildFilesPath/ExplicitPrecompiledModules/sys_time-26XLKFLA0JRCSMUNE8B0AQOFR.scan
    cd /Users/runner/work/Device_Maintenance/Device_Maintenance/Pods
    builtin-precompileModule /Users/runner/Library/Developer/Xcode/DerivedData/DeviceMaintenance-flyuwdobxekbtzdsqajzqyikscoo/Build/Intermediates.noindex/ArchiveIntermediates/DeviceMaintenance/IntermediateBuildFilesPath/ExplicitPrecompiledModules/sys_time-26XLKFLA0JRCSMUNE8B0AQOFR.scan

PrecompileModule /Users/runner/Library/Developer/Xcode/DerivedData/DeviceMaintenance-flyuwdobxekbtzdsqajzqyikscoo/Build/Intermediates.noindex/ArchiveIntermediates/DeviceMaintenance/IntermediateBuildFilesPath/ExplicitPrecompiledModules/_Builtin_inttypes-342M7MBIBX3X0VMQHZXGDDX53.scan
    cd /Users/runner/work/Device_Maintenance/Device_Maintenance/Pods
    builtin-precompileModule /Users/runner/Library/Developer/Xcode/DerivedData/DeviceMaintenance-flyuwdobxekbtzdsqajzqyikscoo/Build/Intermediates.noindex/ArchiveIntermediates/DeviceMaintenance/IntermediateBuildFilesPath/ExplicitPrecompiledModules/_Builtin_inttypes-342M7MBIBX3X0VMQHZXGDDX53.scan

PrecompileModule /Users/runner/Library/Developer/Xcode/DerivedData/DeviceMaintenance-flyuwdobxekbtzdsqajzqyikscoo/Build/Intermediates.noindex/ArchiveIntermediates/DeviceMaintenance/IntermediateBuildFilesPath/ExplicitPrecompiledModules/_Builtin_stdatomic-C50P733HBGV8P0WW3WKD2U2AB.scan
    cd /Users/runner/work/Device_Maintenance/Device_Maintenance/Pods
    builtin-precompileModule /Users/runner/Library/Developer/Xcode/DerivedData/DeviceMaintenance-flyuwdobxekbtzdsqajzqyikscoo/Build/Intermediates.noindex/ArchiveIntermediates/DeviceMaintenance/IntermediateBuildFilesPath/ExplicitPrecompiledModules/_Builtin_stdatomic-C50P733HBGV8P0WW3WKD2U2AB.scan

PrecompileModule /Users/runner/Library/Developer/Xcode/DerivedData/DeviceMaintenance-flyuwdobxekbtzdsqajzqyikscoo/Build/Intermediates.noindex/ArchiveIntermediates/DeviceMaintenance/IntermediateBuildFilesPath/ExplicitPrecompiledModules/_errno-69H6ONBJM8SF5VEKH5X5M320P.scan
    cd /Users/runner/work/Device_Maintenance/Device_Maintenance/Pods
    builtin-precompileModule /Users/runner/Library/Developer/Xcode/DerivedData/DeviceMaintenance-flyuwdobxekbtzdsqajzqyikscoo/Build/Intermediates.noindex/ArchiveIntermediates/DeviceMaintenance/IntermediateBuildFilesPath/ExplicitPrecompiledModules/_errno-69H6ONBJM8SF5VEKH5X5M320P.scan

PrecompileModule /Users/runner/Library/Developer/Xcode/DerivedData/DeviceMaintenance-flyuwdobxekbtzdsqajzqyikscoo/Build/Intermediates.noindex/ArchiveIntermediates/DeviceMaintenance/IntermediateBuildFilesPath/ExplicitPrecompiledModules/_wctype-18UC8CCD7994FKVVUU7EXRF5E.scan
    cd /Users/runner/work/Device_Maintenance/Device_Maintenance/Pods
    builtin-precompileModule /Users/runner/Library/Developer/Xcode/DerivedData/DeviceMaintenance-flyuwdobxekbtzdsqajzqyikscoo/Build/Intermediates.noindex/ArchiveIntermediates/DeviceMaintenance/IntermediateBuildFilesPath/ExplicitPrecompiledModules/_wctype-18UC8CCD7994FKVVUU7EXRF5E.scan

PrecompileModule /Users/runner/Library/Developer/Xcode/DerivedData/DeviceMaintenance-flyuwdobxekbtzdsqajzqyikscoo/Build/Intermediates.noindex/ArchiveIntermediates/DeviceMaintenance/IntermediateBuildFilesPath/ExplicitPrecompiledModules/_math-7N80EVMLRN2ID3MSHYQA1S5RN.scan
    cd /Users/runner/work/Device_Maintenance/Device_Maintenance/Pods
    builtin-precompileModule /Users/runner/Library/Developer/Xcode/DerivedData/DeviceMaintenance-flyuwdobxekbtzdsqajzqyikscoo/Build/Intermediates.noindex/ArchiveIntermediates/DeviceMaintenance/IntermediateBuildFilesPath/ExplicitPrecompiledModules/_math-7N80EVMLRN2ID3MSHYQA1S5RN.scan

PrecompileModule /Users/runner/Library/Developer/Xcode/DerivedData/DeviceMaintenance-flyuwdobxekbtzdsqajzqyikscoo/Build/Intermediates.noindex/ArchiveIntermediates/DeviceMaintenance/IntermediateBuildFilesPath/ExplicitPrecompiledModules/_useconds_t-BM2GAYSGDJWBVXAWYHV5367X4.scan
    cd /Users/runner/work/Device_Maintenance/Device_Maintenance/Pods
    builtin-precompileModule /Users/runner/Library/Developer/Xcode/DerivedData/DeviceMaintenance-flyuwdobxekbtzdsqajzqyikscoo/Build/Intermediates.noindex/ArchiveIntermediates/DeviceMaintenance/IntermediateBuildFilesPath/ExplicitPrecompiledModules/_useconds_t-BM2GAYSGDJWBVXAWYHV5367X4.scan

PrecompileModule /Users/runner/Library/Developer/Xcode/DerivedData/DeviceMaintenance-flyuwdobxekbtzdsqajzqyikscoo/Build/Intermediates.noindex/ArchiveIntermediates/DeviceMaintenance/IntermediateBuildFilesPath/ExplicitPrecompiledModules/_Builtin_iso646-3W8NGHBCZ6NKJFCL1QQ409I0V.scan
    cd /Users/runner/work/Device_Maintenance/Device_Maintenance/Pods
    builtin-precompileModule /Users/runner/Library/Developer/Xcode/DerivedData/DeviceMaintenance-flyuwdobxekbtzdsqajzqyikscoo/Build/Intermediates.noindex/ArchiveIntermediates/DeviceMaintenance/IntermediateBuildFilesPath/ExplicitPrecompiledModules/_Builtin_iso646-3W8NGHBCZ6NKJFCL1QQ409I0V.scan

PrecompileModule /Users/runner/Library/Developer/Xcode/DerivedData/DeviceMaintenance-flyuwdobxekbtzdsqajzqyikscoo/Build/Intermediates.noindex/ArchiveIntermediates/DeviceMaintenance/IntermediateBuildFilesPath/ExplicitPrecompiledModules/_Builtin_stdarg-3D5D8OFSN1FS08LEN4IBP3RS6.scan
    cd /Users/runner/work/Device_Maintenance/Device_Maintenance/Pods
    builtin-precompileModule /Users/runner/Library/Developer/Xcode/DerivedData/DeviceMaintenance-flyuwdobxekbtzdsqajzqyikscoo/Build/Intermediates.noindex/ArchiveIntermediates/DeviceMaintenance/IntermediateBuildFilesPath/ExplicitPrecompiledModules/_Builtin_stdarg-3D5D8OFSN1FS08LEN4IBP3RS6.scan

PrecompileModule /Users/runner/Library/Developer/Xcode/DerivedData/DeviceMaintenance-flyuwdobxekbtzdsqajzqyikscoo/Build/Intermediates.noindex/ArchiveIntermediates/DeviceMaintenance/IntermediateBuildFilesPath/ExplicitPrecompiledModules/os_availability_internal-EWNLOXTVFPQX2ALRHNSNN7EQ3.scan
    cd /Users/runner/work/Device_Maintenance/Device_Maintenance/Pods
    builtin-precompileModule /Users/runner/Library/Developer/Xcode/DerivedData/DeviceMaintenance-flyuwdobxekbtzdsqajzqyikscoo/Build/Intermediates.noindex/ArchiveIntermediates/DeviceMaintenance/IntermediateBuildFilesPath/ExplicitPrecompiledModules/os_availability_internal-EWNLOXTVFPQX2ALRHNSNN7EQ3.scan

PrecompileModule /Users/runner/Library/Developer/Xcode/DerivedData/DeviceMaintenance-flyuwdobxekbtzdsqajzqyikscoo/Build/Intermediates.noindex/ArchiveIntermediates/DeviceMaintenance/IntermediateBuildFilesPath/ExplicitPrecompiledModules/TargetConditionals-4CVQ43TPTULDGENTVUPQVGORJ.scan
    cd /Users/runner/work/Device_Maintenance/Device_Maintenance/Pods
    builtin-precompileModule /Users/runner/Library/Developer/Xcode/DerivedData/DeviceMaintenance-flyuwdobxekbtzdsqajzqyikscoo/Build/Intermediates.noindex/ArchiveIntermediates/DeviceMaintenance/IntermediateBuildFilesPath/ExplicitPrecompiledModules/TargetConditionals-4CVQ43TPTULDGENTVUPQVGORJ.scan

PrecompileModule /Users/runner/Library/Developer/Xcode/DerivedData/DeviceMaintenance-flyuwdobxekbtzdsqajzqyikscoo/Build/Intermediates.noindex/ArchiveIntermediates/DeviceMaintenance/IntermediateBuildFilesPath/ExplicitPrecompiledModules/ptrauth-DVYWF5LODOERBK4WF8IFBSIOJ.scan
    cd /Users/runner/work/Device_Maintenance/Device_Maintenance/Pods
    builtin-precompileModule /Users/runner/Library/Developer/Xcode/DerivedData/DeviceMaintenance-flyuwdobxekbtzdsqajzqyikscoo/Build/Intermediates.noindex/ArchiveIntermediates/DeviceMaintenance/IntermediateBuildFilesPath/ExplicitPrecompiledModules/ptrauth-DVYWF5LODOERBK4WF8IFBSIOJ.scan

PrecompileModule /Users/runner/Library/Developer/Xcode/DerivedData/DeviceMaintenance-flyuwdobxekbtzdsqajzqyikscoo/Build/Intermediates.noindex/ArchiveIntermediates/DeviceMaintenance/IntermediateBuildFilesPath/ExplicitPrecompiledModules/_tgmath-C2HDJY9MPQ7Y6Y9GWLW3EIWLU.scan
    cd /Users/runner/work/Device_Maintenance/Device_Maintenance/Pods
    builtin-precompileModule /Users/runner/Library/Developer/Xcode/DerivedData/DeviceMaintenance-flyuwdobxekbtzdsqajzqyikscoo/Build/Intermediates.noindex/ArchiveIntermediates/DeviceMaintenance/IntermediateBuildFilesPath/ExplicitPrecompiledModules/_tgmath-C2HDJY9MPQ7Y6Y9GWLW3EIWLU.scan

PrecompileModule /Users/runner/Library/Developer/Xcode/DerivedData/DeviceMaintenance-flyuwdobxekbtzdsqajzqyikscoo/Build/Intermediates.noindex/ArchiveIntermediates/DeviceMaintenance/IntermediateBuildFilesPath/ExplicitPrecompiledModules/_Builtin_stdbool-7YPUZUMFOTQKIG2F1VRKP5CQT.scan
    cd /Users/runner/work/Device_Maintenance/Device_Maintenance/Pods
    builtin-precompileModule /Users/runner/Library/Developer/Xcode/DerivedData/DeviceMaintenance-flyuwdobxekbtzdsqajzqyikscoo/Build/Intermediates.noindex/ArchiveIntermediates/DeviceMaintenance/IntermediateBuildFilesPath/ExplicitPrecompiledModules/_Builtin_stdbool-7YPUZUMFOTQKIG2F1VRKP5CQT.scan

PrecompileModule /Users/runner/Library/Developer/Xcode/DerivedData/DeviceMaintenance-flyuwdobxekbtzdsqajzqyikscoo/Build/Intermediates.noindex/ArchiveIntermediates/DeviceMaintenance/IntermediateBuildFilesPath/ExplicitPrecompiledModules/os_availability-1PZN51MHC012RNS895SOH7CQN.scan
    cd /Users/runner/work/Device_Maintenance/Device_Maintenance/Pods
    builtin-precompileModule /Users/runner/Library/Developer/Xcode/DerivedData/DeviceMaintenance-flyuwdobxekbtzdsqajzqyikscoo/Build/Intermediates.noindex/ArchiveIntermediates/DeviceMaintenance/IntermediateBuildFilesPath/ExplicitPrecompiledModules/os_availability-1PZN51MHC012RNS895SOH7CQN.scan

PrecompileModule /Users/runner/Library/Developer/Xcode/DerivedData/DeviceMaintenance-flyuwdobxekbtzdsqajzqyikscoo/Build/Intermediates.noindex/ArchiveIntermediates/DeviceMaintenance/IntermediateBuildFilesPath/ExplicitPrecompiledModules/_fenv-9LODTCMKLWKX3V7IDK8LBEE7I.scan
    cd /Users/runner/work/Device_Maintenance/Device_Maintenance/Pods
    builtin-precompileModule /Users/runner/Library/Developer/Xcode/DerivedData/DeviceMaintenance-flyuwdobxekbtzdsqajzqyikscoo/Build/Intermediates.noindex/ArchiveIntermediates/DeviceMaintenance/IntermediateBuildFilesPath/ExplicitPrecompiledModules/_fenv-9LODTCMKLWKX3V7IDK8LBEE7I.scan

PrecompileModule /Users/runner/Library/Developer/Xcode/DerivedData/DeviceMaintenance-flyuwdobxekbtzdsqajzqyikscoo/Build/Intermediates.noindex/ArchiveIntermediates/DeviceMaintenance/IntermediateBuildFilesPath/ExplicitPrecompiledModules/_Builtin_stddef-2MU0SOHXA5B3L5IQKW19ZU1GK.scan
    cd /Users/runner/work/Device_Maintenance/Device_Maintenance/Pods
    builtin-precompileModule /Users/runner/Library/Developer/Xcode/DerivedData/DeviceMaintenance-flyuwdobxekbtzdsqajzqyikscoo/Build/Intermediates.noindex/ArchiveIntermediates/DeviceMaintenance/IntermediateBuildFilesPath/ExplicitPrecompiledModules/_Builtin_stddef-2MU0SOHXA5B3L5IQKW19ZU1GK.scan

PrecompileModule /Users/runner/Library/Developer/Xcode/DerivedData/DeviceMaintenance-flyuwdobxekbtzdsqajzqyikscoo/Build/Intermediates.noindex/ArchiveIntermediates/DeviceMaintenance/IntermediateBuildFilesPath/ExplicitPrecompiledModules/ptrcheck-A9DMW6C8SFO3H8T4APHW4JDS8.scan
    cd /Users/runner/work/Device_Maintenance/Device_Maintenance/Pods
    builtin-precompileModule /Users/runner/Library/Developer/Xcode/DerivedData/DeviceMaintenance-flyuwdobxekbtzdsqajzqyikscoo/Build/Intermediates.noindex/ArchiveIntermediates/DeviceMaintenance/IntermediateBuildFilesPath/ExplicitPrecompiledModules/ptrcheck-A9DMW6C8SFO3H8T4APHW4JDS8.scan

PrecompileModule /Users/runner/Library/Developer/Xcode/DerivedData/DeviceMaintenance-flyuwdobxekbtzdsqajzqyikscoo/Build/Intermediates.noindex/ArchiveIntermediates/DeviceMaintenance/IntermediateBuildFilesPath/ExplicitPrecompiledModules/_Builtin_tgmath-6WXPL8BWAZKPASFMS259LKP02.scan
    cd /Users/runner/work/Device_Maintenance/Device_Maintenance/Pods
    builtin-precompileModule /Users/runner/Library/Developer/Xcode/DerivedData/DeviceMaintenance-flyuwdobxekbtzdsqajzqyikscoo/Build/Intermediates.noindex/ArchiveIntermediates/DeviceMaintenance/IntermediateBuildFilesPath/ExplicitPrecompiledModules/_Builtin_tgmath-6WXPL8BWAZKPASFMS259LKP02.scan

PrecompileModule /Users/runner/Library/Developer/Xcode/DerivedData/DeviceMaintenance-flyuwdobxekbtzdsqajzqyikscoo/Build/Intermediates.noindex/ArchiveIntermediates/DeviceMaintenance/IntermediateBuildFilesPath/ExplicitPrecompiledModules/sys_types-6QGXBSI6KL57WSJALONA8BO9U.scan
    cd /Users/runner/work/Device_Maintenance/Device_Maintenance/Pods
    builtin-precompileModule /Users/runner/Library/Developer/Xcode/DerivedData/DeviceMaintenance-flyuwdobxekbtzdsqajzqyikscoo/Build/Intermediates.noindex/ArchiveIntermediates/DeviceMaintenance/IntermediateBuildFilesPath/ExplicitPrecompiledModules/sys_types-6QGXBSI6KL57WSJALONA8BO9U.scan

PrecompileModule /Users/runner/Library/Developer/Xcode/DerivedData/DeviceMaintenance-flyuwdobxekbtzdsqajzqyikscoo/Build/Intermediates.noindex/ArchiveIntermediates/DeviceMaintenance/IntermediateBuildFilesPath/ExplicitPrecompiledModules/AvailabilityMacros-2KTPE3XXL34MVZ2UXUCXMCFG0.scan
    cd /Users/runner/work/Device_Maintenance/Device_Maintenance/Pods
    builtin-precompileModule /Users/runner/Library/Developer/Xcode/DerivedData/DeviceMaintenance-flyuwdobxekbtzdsqajzqyikscoo/Build/Intermediates.noindex/ArchiveIntermediates/DeviceMaintenance/IntermediateBuildFilesPath/ExplicitPrecompiledModules/AvailabilityMacros-2KTPE3XXL34MVZ2UXUCXMCFG0.scan

PrecompileModule /Users/runner/Library/Developer/Xcode/DerivedData/DeviceMaintenance-flyuwdobxekbtzdsqajzqyikscoo/Build/Intermediates.noindex/ArchiveIntermediates/DeviceMaintenance/IntermediateBuildFilesPath/ExplicitPrecompiledModules/DarwinFoundation-CR6YRWBYQK3WH115931SPQZF2.scan
    cd /Users/runner/work/Device_Maintenance/Device_Maintenance/Pods
    builtin-precompileModule /Users/runner/Library/Developer/Xcode/DerivedData/DeviceMaintenance-flyuwdobxekbtzdsqajzqyikscoo/Build/Intermediates.noindex/ArchiveIntermediates/DeviceMaintenance/IntermediateBuildFilesPath/ExplicitPrecompiledModules/DarwinFoundation-CR6YRWBYQK3WH115931SPQZF2.scan

PrecompileModule /Users/runner/Library/Developer/Xcode/DerivedData/DeviceMaintenance-flyuwdobxekbtzdsqajzqyikscoo/Build/Intermediates.noindex/ArchiveIntermediates/DeviceMaintenance/IntermediateBuildFilesPath/ExplicitPrecompiledModules/_float-392E97ZF9MCV7DOV8QW1V6MYR.scan
    cd /Users/runner/work/Device_Maintenance/Device_Maintenance/Pods
    builtin-precompileModule /Users/runner/Library/Developer/Xcode/DerivedData/DeviceMaintenance-flyuwdobxekbtzdsqajzqyikscoo/Build/Intermediates.noindex/ArchiveIntermediates/DeviceMaintenance/IntermediateBuildFilesPath/ExplicitPrecompiledModules/_float-392E97ZF9MCV7DOV8QW1V6MYR.scan

PrecompileModule /Users/runner/Library/Developer/Xcode/DerivedData/DeviceMaintenance-flyuwdobxekbtzdsqajzqyikscoo/Build/Intermediates.noindex/ArchiveIntermediates/DeviceMaintenance/IntermediateBuildFilesPath/ExplicitPrecompiledModules/sys_resource-DNFA0NQTZT9EVZOFYQW9747A9.scan
    cd /Users/runner/work/Device_Maintenance/Device_Maintenance/Pods
    builtin-precompileModule /Users/runner/Library/Developer/Xcode/DerivedData/DeviceMaintenance-flyuwdobxekbtzdsqajzqyikscoo/Build/Intermediates.noindex/ArchiveIntermediates/DeviceMaintenance/IntermediateBuildFilesPath/ExplicitPrecompiledModules/sys_resource-DNFA0NQTZT9EVZOFYQW9747A9.scan

PrecompileModule /Users/runner/Library/Developer/Xcode/DerivedData/DeviceMaintenance-flyuwdobxekbtzdsqajzqyikscoo/Build/Intermediates.noindex/ArchiveIntermediates/DeviceMaintenance/IntermediateBuildFilesPath/ExplicitPrecompiledModules/_time-7OCYXR57NTCVD0H96GFKA7J0Z.scan
    cd /Users/runner/work/Device_Maintenance/Device_Maintenance/Pods
    builtin-precompileModule /Users/runner/Library/Developer/Xcode/DerivedData/DeviceMaintenance-flyuwdobxekbtzdsqajzqyikscoo/Build/Intermediates.noindex/ArchiveIntermediates/DeviceMaintenance/IntermediateBuildFilesPath/ExplicitPrecompiledModules/_time-7OCYXR57NTCVD0H96GFKA7J0Z.scan

PrecompileModule /Users/runner/Library/Developer/Xcode/DerivedData/DeviceMaintenance-flyuwdobxekbtzdsqajzqyikscoo/Build/Intermediates.noindex/ArchiveIntermediates/DeviceMaintenance/IntermediateBuildFilesPath/ExplicitPrecompiledModules/_signal-6Q0QS4NAW4GII59YVID79HPKZ.scan
    cd /Users/runner/work/Device_Maintenance/Device_Maintenance/Pods
    builtin-precompileModule /Users/runner/Library/Developer/Xcode/DerivedData/DeviceMaintenance-flyuwdobxekbtzdsqajzqyikscoo/Build/Intermediates.noindex/ArchiveIntermediates/DeviceMaintenance/IntermediateBuildFilesPath/ExplicitPrecompiledModules/_signal-6Q0QS4NAW4GII59YVID79HPKZ.scan

PrecompileModule /Users/runner/Library/Developer/Xcode/DerivedData/DeviceMaintenance-flyuwdobxekbtzdsqajzqyikscoo/Build/Intermediates.noindex/ArchiveIntermediates/DeviceMaintenance/IntermediateBuildFilesPath/ExplicitPrecompiledModules/_string-67H2NIVTBE7T6WOIWGNUHVTUO.scan
    cd /Users/runner/work/Device_Maintenance/Device_Maintenance/Pods
    builtin-precompileModule /Users/runner/Library/Developer/Xcode/DerivedData/DeviceMaintenance-flyuwdobxekbtzdsqajzqyikscoo/Build/Intermediates.noindex/ArchiveIntermediates/DeviceMaintenance/IntermediateBuildFilesPath/ExplicitPrecompiledModules/_string-67H2NIVTBE7T6WOIWGNUHVTUO.scan

PrecompileModule /Users/runner/Library/Developer/Xcode/DerivedData/DeviceMaintenance-flyuwdobxekbtzdsqajzqyikscoo/Build/Intermediates.noindex/ArchiveIntermediates/DeviceMaintenance/IntermediateBuildFilesPath/ExplicitPrecompiledModules/_errno-4PMXK54XMQ4OW45J3RKGPYNE.scan
    cd /Users/runner/work/Device_Maintenance/Device_Maintenance/Pods
    builtin-precompileModule /Users/runner/Library/Developer/Xcode/DerivedData/DeviceMaintenance-flyuwdobxekbtzdsqajzqyikscoo/Build/Intermediates.noindex/ArchiveIntermediates/DeviceMaintenance/IntermediateBuildFilesPath/ExplicitPrecompiledModules/_errno-4PMXK54XMQ4OW45J3RKGPYNE.scan

PrecompileModule /Users/runner/Library/Developer/Xcode/DerivedData/DeviceMaintenance-flyuwdobxekbtzdsqajzqyikscoo/Build/Intermediates.noindex/ArchiveIntermediates/DeviceMaintenance/IntermediateBuildFilesPath/ExplicitPrecompiledModules/netinet_in-F0WY9RDEB30KKFIP53B0J7WH.scan
    cd /Users/runner/work/Device_Maintenance/Device_Maintenance/Pods
    builtin-precompileModule /Users/runner/Library/Developer/Xcode/DerivedData/DeviceMaintenance-flyuwdobxekbtzdsqajzqyikscoo/Build/Intermediates.noindex/ArchiveIntermediates/DeviceMaintenance/IntermediateBuildFilesPath/ExplicitPrecompiledModules/netinet_in-F0WY9RDEB30KKFIP53B0J7WH.scan

PrecompileModule /Users/runner/Library/Developer/Xcode/DerivedData/DeviceMaintenance-flyuwdobxekbtzdsqajzqyikscoo/Build/Intermediates.noindex/ArchiveIntermediates/DeviceMaintenance/IntermediateBuildFilesPath/ExplicitPrecompiledModules/_useconds_t-9DLZBUYSWFK6JMDWR0ML9H6MB.scan
    cd /Users/runner/work/Device_Maintenance/Device_Maintenance/Pods
    builtin-precompileModule /Users/runner/Library/Developer/Xcode/DerivedData/DeviceMaintenance-flyuwdobxekbtzdsqajzqyikscoo/Build/Intermediates.noindex/ArchiveIntermediates/DeviceMaintenance/IntermediateBuildFilesPath/ExplicitPrecompiledModules/_useconds_t-9DLZBUYSWFK6JMDWR0ML9H6MB.scan

PrecompileModule /Users/runner/Library/Developer/Xcode/DerivedData/DeviceMaintenance-flyuwdobxekbtzdsqajzqyikscoo/Build/Intermediates.noindex/ArchiveIntermediates/DeviceMaintenance/IntermediateBuildFilesPath/ExplicitPrecompiledModules/_sys_select-743DYTTVZBV0UZZICNMVOIOYA.scan
    cd /Users/runner/work/Device_Maintenance/Device_Maintenance/Pods
    builtin-precompileModule /Users/runner/Library/Developer/Xcode/DerivedData/DeviceMaintenance-flyuwdobxekbtzdsqajzqyikscoo/Build/Intermediates.noindex/ArchiveIntermediates/DeviceMaintenance/IntermediateBuildFilesPath/ExplicitPrecompiledModules/_sys_select-743DYTTVZBV0UZZICNMVOIOYA.scan

PrecompileModule /Users/runner/Library/Developer/Xcode/DerivedData/DeviceMaintenance-flyuwdobxekbtzdsqajzqyikscoo/Build/Intermediates.noindex/ArchiveIntermediates/DeviceMaintenance/IntermediateBuildFilesPath/ExplicitPrecompiledModules/sys_select-79QWJO0MDH5JDOYDLTXDFDW1I.scan
    cd /Users/runner/work/Device_Maintenance/Device_Maintenance/Pods
    builtin-precompileModule /Users/runner/Library/Developer/Xcode/DerivedData/DeviceMaintenance-flyuwdobxekbtzdsqajzqyikscoo/Build/Intermediates.noindex/ArchiveIntermediates/DeviceMaintenance/IntermediateBuildFilesPath/ExplicitPrecompiledModules/sys_select-79QWJO0MDH5JDOYDLTXDFDW1I.scan

PrecompileModule /Users/runner/Library/Developer/Xcode/DerivedData/DeviceMaintenance-flyuwdobxekbtzdsqajzqyikscoo/Build/Intermediates.noindex/ArchiveIntermediates/DeviceMaintenance/IntermediateBuildFilesPath/ExplicitPrecompiledModules/runetype-DLRUJHYJ4FMO5JIGJ91ENSBIO.scan
    cd /Users/runner/work/Device_Maintenance/Device_Maintenance/Pods
    builtin-precompileModule /Users/runner/Library/Developer/Xcode/DerivedData/DeviceMaintenance-flyuwdobxekbtzdsqajzqyikscoo/Build/Intermediates.noindex/ArchiveIntermediates/DeviceMaintenance/IntermediateBuildFilesPath/ExplicitPrecompiledModules/runetype-DLRUJHYJ4FMO5JIGJ91ENSBIO.scan

PrecompileModule /Users/runner/Library/Developer/Xcode/DerivedData/DeviceMaintenance-flyuwdobxekbtzdsqajzqyikscoo/Build/Intermediates.noindex/ArchiveIntermediates/DeviceMaintenance/IntermediateBuildFilesPath/ExplicitPrecompiledModules/_setjmp-43MKBRMIWIDGHAVBR1AGPRLMU.scan
    cd /Users/runner/work/Device_Maintenance/Device_Maintenance/Pods
    builtin-precompileModule /Users/runner/Library/Developer/Xcode/DerivedData/DeviceMaintenance-flyuwdobxekbtzdsqajzqyikscoo/Build/Intermediates.noindex/ArchiveIntermediates/DeviceMaintenance/IntermediateBuildFilesPath/ExplicitPrecompiledModules/_setjmp-43MKBRMIWIDGHAVBR1AGPRLMU.scan

PrecompileModule /Users/runner/Library/Developer/Xcode/DerivedData/DeviceMaintenance-flyuwdobxekbtzdsqajzqyikscoo/Build/Intermediates.noindex/ArchiveIntermediates/DeviceMaintenance/IntermediateBuildFilesPath/ExplicitPrecompiledModules/alloca-EIFJ968QBY40GBRDQZPSYGJXJ.scan
    cd /Users/runner/work/Device_Maintenance/Device_Maintenance/Pods
    builtin-precompileModule /Users/runner/Library/Developer/Xcode/DerivedData/DeviceMaintenance-flyuwdobxekbtzdsqajzqyikscoo/Build/Intermediates.noindex/ArchiveIntermediates/DeviceMaintenance/IntermediateBuildFilesPath/ExplicitPrecompiledModules/alloca-EIFJ968QBY40GBRDQZPSYGJXJ.scan

PrecompileModule /Users/runner/Library/Developer/Xcode/DerivedData/DeviceMaintenance-flyuwdobxekbtzdsqajzqyikscoo/Build/Intermediates.noindex/ArchiveIntermediates/DeviceMaintenance/IntermediateBuildFilesPath/ExplicitPrecompiledModules/mach-ES9XAC0R9US91TJWXP2QBKPVR.scan
    cd /Users/runner/work/Device_Maintenance/Device_Maintenance/Pods
    builtin-precompileModule /Users/runner/Library/Developer/Xcode/DerivedData/DeviceMaintenance-flyuwdobxekbtzdsqajzqyikscoo/Build/Intermediates.noindex/ArchiveIntermediates/DeviceMaintenance/IntermediateBuildFilesPath/ExplicitPrecompiledModules/mach-ES9XAC0R9US91TJWXP2QBKPVR.scan

PrecompileModule /Users/runner/Library/Developer/Xcode/DerivedData/DeviceMaintenance-flyuwdobxekbtzdsqajzqyikscoo/Build/Intermediates.noindex/ArchiveIntermediates/DeviceMaintenance/IntermediateBuildFilesPath/ExplicitPrecompiledModules/_limits-7XGG7WZQIHFKK0MD79BMKSRFX.scan
    cd /Users/runner/work/Device_Maintenance/Device_Maintenance/Pods
    builtin-precompileModule /Users/runner/Library/Developer/Xcode/DerivedData/DeviceMaintenance-flyuwdobxekbtzdsqajzqyikscoo/Build/Intermediates.noindex/ArchiveIntermediates/DeviceMaintenance/IntermediateBuildFilesPath/ExplicitPrecompiledModules/_limits-7XGG7WZQIHFKK0MD79BMKSRFX.scan

PrecompileModule /Users/runner/Library/Developer/Xcode/DerivedData/DeviceMaintenance-flyuwdobxekbtzdsqajzqyikscoo/Build/Intermediates.noindex/ArchiveIntermediates/DeviceMaintenance/IntermediateBuildFilesPath/ExplicitPrecompiledModules/sys_types-5JSQ8ZZB11304GZNCHR7BNDWD.scan
    cd /Users/runner/work/Device_Maintenance/Device_Maintenance/Pods
    builtin-precompileModule /Users/runner/Library/Developer/Xcode/DerivedData/DeviceMaintenance-flyuwdobxekbtzdsqajzqyikscoo/Build/Intermediates.noindex/ArchiveIntermediates/DeviceMaintenance/IntermediateBuildFilesPath/ExplicitPrecompiledModules/sys_types-5JSQ8ZZB11304GZNCHR7BNDWD.scan

PrecompileModule /Users/runner/Library/Developer/Xcode/DerivedData/DeviceMaintenance-flyuwdobxekbtzdsqajzqyikscoo/Build/Intermediates.noindex/ArchiveIntermediates/DeviceMaintenance/IntermediateBuildFilesPath/ExplicitPrecompiledModules/_ctype-DDNPFGJ0Z14I2MN57G70XZDXG.scan
    cd /Users/runner/work/Device_Maintenance/Device_Maintenance/Pods
    builtin-precompileModule /Users/runner/Library/Developer/Xcode/DerivedData/DeviceMaintenance-flyuwdobxekbtzdsqajzqyikscoo/Build/Intermediates.noindex/ArchiveIntermediates/DeviceMaintenance/IntermediateBuildFilesPath/ExplicitPrecompiledModules/_ctype-DDNPFGJ0Z14I2MN57G70XZDXG.scan

PrecompileModule /Users/runner/Library/Developer/Xcode/DerivedData/DeviceMaintenance-flyuwdobxekbtzdsqajzqyikscoo/Build/Intermediates.noindex/ArchiveIntermediates/DeviceMaintenance/IntermediateBuildFilesPath/ExplicitPrecompiledModules/uuid-46A1M0RENTBE97VQ0VEAAS2EK.scan
    cd /Users/runner/work/Device_Maintenance/Device_Maintenance/Pods
    builtin-precompileModule /Users/runner/Library/Developer/Xcode/DerivedData/DeviceMaintenance-flyuwdobxekbtzdsqajzqyikscoo/Build/Intermediates.noindex/ArchiveIntermediates/DeviceMaintenance/IntermediateBuildFilesPath/ExplicitPrecompiledModules/uuid-46A1M0RENTBE97VQ0VEAAS2EK.scan

PrecompileModule /Users/runner/Library/Developer/Xcode/DerivedData/DeviceMaintenance-flyuwdobxekbtzdsqajzqyikscoo/Build/Intermediates.noindex/ArchiveIntermediates/DeviceMaintenance/IntermediateBuildFilesPath/ExplicitPrecompiledModules/_Builtin_limits-9AUZYU2N232H3Y5EY81W3C8VH.scan
    cd /Users/runner/work/Device_Maintenance/Device_Maintenance/Pods
    builtin-precompileModule /Users/runner/Library/Developer/Xcode/DerivedData/DeviceMaintenance-flyuwdobxekbtzdsqajzqyikscoo/Build/Intermediates.noindex/ArchiveIntermediates/DeviceMaintenance/IntermediateBuildFilesPath/ExplicitPrecompiledModules/_Builtin_limits-9AUZYU2N232H3Y5EY81W3C8VH.scan

PrecompileModule /Users/runner/Library/Developer/Xcode/DerivedData/DeviceMaintenance-flyuwdobxekbtzdsqajzqyikscoo/Build/Intermediates.noindex/ArchiveIntermediates/DeviceMaintenance/IntermediateBuildFilesPath/ExplicitPrecompiledModules/_signal-C236L76MS1JOQ8MIWRXNUTDT6.scan
    cd /Users/runner/work/Device_Maintenance/Device_Maintenance/Pods
    builtin-precompileModule /Users/runner/Library/Developer/Xcode/DerivedData/DeviceMaintenance-flyuwdobxekbtzdsqajzqyikscoo/Build/Intermediates.noindex/ArchiveIntermediates/DeviceMaintenance/IntermediateBuildFilesPath/ExplicitPrecompiledModules/_signal-C236L76MS1JOQ8MIWRXNUTDT6.scan

PrecompileModule /Users/runner/Library/Developer/Xcode/DerivedData/DeviceMaintenance-flyuwdobxekbtzdsqajzqyikscoo/Build/Intermediates.noindex/ArchiveIntermediates/DeviceMaintenance/IntermediateBuildFilesPath/ExplicitPrecompiledModules/__wctype-83524EY6QHEJILH5DZB57IG57.scan
    cd /Users/runner/work/Device_Maintenance/Device_Maintenance/Pods
    builtin-precompileModule /Users/runner/Library/Developer/Xcode/DerivedData/DeviceMaintenance-flyuwdobxekbtzdsqajzqyikscoo/Build/Intermediates.noindex/ArchiveIntermediates/DeviceMaintenance/IntermediateBuildFilesPath/ExplicitPrecompiledModules/__wctype-83524EY6QHEJILH5DZB57IG57.scan

PrecompileModule /Users/runner/Library/Developer/Xcode/DerivedData/DeviceMaintenance-flyuwdobxekbtzdsqajzqyikscoo/Build/Intermediates.noindex/ArchiveIntermediates/DeviceMaintenance/IntermediateBuildFilesPath/ExplicitPrecompiledModules/_time-D8QCO6H62ICGPUPOK0U1D8X6E.scan
    cd /Users/runner/work/Device_Maintenance/Device_Maintenance/Pods
    builtin-precompileModule /Users/runner/Library/Developer/Xcode/DerivedData/DeviceMaintenance-flyuwdobxekbtzdsqajzqyikscoo/Build/Intermediates.noindex/ArchiveIntermediates/DeviceMaintenance/IntermediateBuildFilesPath/ExplicitPrecompiledModules/_time-D8QCO6H62ICGPUPOK0U1D8X6E.scan

PrecompileModule /Users/runner/Library/Developer/Xcode/DerivedData/DeviceMaintenance-flyuwdobxekbtzdsqajzqyikscoo/Build/Intermediates.noindex/ArchiveIntermediates/DeviceMaintenance/IntermediateBuildFilesPath/ExplicitPrecompiledModules/_complex-AZ1R29DEBYN22LPQHAIXNRZR7.scan
    cd /Users/runner/work/Device_Maintenance/Device_Maintenance/Pods
    builtin-precompileModule /Users/runner/Library/Developer/Xcode/DerivedData/DeviceMaintenance-flyuwdobxekbtzdsqajzqyikscoo/Build/Intermediates.noindex/ArchiveIntermediates/DeviceMaintenance/IntermediateBuildFilesPath/ExplicitPrecompiledModules/_complex-AZ1R29DEBYN22LPQHAIXNRZR7.scan

PrecompileModule /Users/runner/Library/Developer/Xcode/DerivedData/DeviceMaintenance-flyuwdobxekbtzdsqajzqyikscoo/Build/Intermediates.noindex/ArchiveIntermediates/DeviceMaintenance/IntermediateBuildFilesPath/ExplicitPrecompiledModules/_stdio-1V03K0H10U2T1WPJE2Z95RCUS.scan
    cd /Users/runner/work/Device_Maintenance/Device_Maintenance/Pods
    builtin-precompileModule /Users/runner/Library/Developer/Xcode/DerivedData/DeviceMaintenance-flyuwdobxekbtzdsqajzqyikscoo/Build/Intermediates.noindex/ArchiveIntermediates/DeviceMaintenance/IntermediateBuildFilesPath/ExplicitPrecompiledModules/_stdio-1V03K0H10U2T1WPJE2Z95RCUS.scan

PrecompileModule /Users/runner/Library/Developer/Xcode/DerivedData/DeviceMaintenance-flyuwdobxekbtzdsqajzqyikscoo/Build/Intermediates.noindex/ArchiveIntermediates/DeviceMaintenance/IntermediateBuildFilesPath/ExplicitPrecompiledModules/_wctype-5L81STNV9WGFXB32LKDHQUTL4.scan
    cd /Users/runner/work/Device_Maintenance/Device_Maintenance/Pods
    builtin-precompileModule /Users/runner/Library/Developer/Xcode/DerivedData/DeviceMaintenance-flyuwdobxekbtzdsqajzqyikscoo/Build/Intermediates.noindex/ArchiveIntermediates/DeviceMaintenance/IntermediateBuildFilesPath/ExplicitPrecompiledModules/_wctype-5L81STNV9WGFXB32LKDHQUTL4.scan

PrecompileModule /Users/runner/Library/Developer/Xcode/DerivedData/DeviceMaintenance-flyuwdobxekbtzdsqajzqyikscoo/Build/Intermediates.noindex/ArchiveIntermediates/DeviceMaintenance/IntermediateBuildFilesPath/ExplicitPrecompiledModules/gethostuuid-E11D218KKFXHWO3C5RHI1B53T.scan
    cd /Users/runner/work/Device_Maintenance/Device_Maintenance/Pods
    builtin-precompileModule /Users/runner/Library/Developer/Xcode/DerivedData/DeviceMaintenance-flyuwdobxekbtzdsqajzqyikscoo/Build/Intermediates.noindex/ArchiveIntermediates/DeviceMaintenance/IntermediateBuildFilesPath/ExplicitPrecompiledModules/gethostuuid-E11D218KKFXHWO3C5RHI1B53T.scan

PrecompileModule /Users/runner/Library/Developer/Xcode/DerivedData/DeviceMaintenance-flyuwdobxekbtzdsqajzqyikscoo/Build/Intermediates.noindex/ArchiveIntermediates/DeviceMaintenance/IntermediateBuildFilesPath/ExplicitPrecompiledModules/pthread-AZCSEVI73LQM8OCT108QFZ4G5.scan
    cd /Users/runner/work/Device_Maintenance/Device_Maintenance/Pods
    builtin-precompileModule /Users/runner/Library/Developer/Xcode/DerivedData/DeviceMaintenance-flyuwdobxekbtzdsqajzqyikscoo/Build/Intermediates.noindex/ArchiveIntermediates/DeviceMaintenance/IntermediateBuildFilesPath/ExplicitPrecompiledModules/pthread-AZCSEVI73LQM8OCT108QFZ4G5.scan

PrecompileModule /Users/runner/Library/Developer/Xcode/DerivedData/DeviceMaintenance-flyuwdobxekbtzdsqajzqyikscoo/Build/Intermediates.noindex/ArchiveIntermediates/DeviceMaintenance/IntermediateBuildFilesPath/ExplicitPrecompiledModules/_locale-374RDTEMMH5OIO3U052C9F4O.scan
    cd /Users/runner/work/Device_Maintenance/Device_Maintenance/Pods
    builtin-precompileModule /Users/runner/Library/Developer/Xcode/DerivedData/DeviceMaintenance-flyuwdobxekbtzdsqajzqyikscoo/Build/Intermediates.noindex/ArchiveIntermediates/DeviceMaintenance/IntermediateBuildFilesPath/ExplicitPrecompiledModules/_locale-374RDTEMMH5OIO3U052C9F4O.scan

PrecompileModule /Users/runner/Library/Developer/Xcode/DerivedData/DeviceMaintenance-flyuwdobxekbtzdsqajzqyikscoo/Build/Intermediates.noindex/ArchiveIntermediates/DeviceMaintenance/IntermediateBuildFilesPath/ExplicitPrecompiledModules/_stdio-9QLO91VTXAHLLNRNUVVOCQYLD.scan
    cd /Users/runner/work/Device_Maintenance/Device_Maintenance/Pods
    builtin-precompileModule /Users/runner/Library/Developer/Xcode/DerivedData/DeviceMaintenance-flyuwdobxekbtzdsqajzqyikscoo/Build/Intermediates.noindex/ArchiveIntermediates/DeviceMaintenance/IntermediateBuildFilesPath/ExplicitPrecompiledModules/_stdio-9QLO91VTXAHLLNRNUVVOCQYLD.scan

PrecompileModule /Users/runner/Library/Developer/Xcode/DerivedData/DeviceMaintenance-flyuwdobxekbtzdsqajzqyikscoo/Build/Intermediates.noindex/ArchiveIntermediates/DeviceMaintenance/IntermediateBuildFilesPath/ExplicitPrecompiledModules/pthread-8GMN2Y5L5X1B5BIFI2FGSE84U.scan
    cd /Users/runner/work/Device_Maintenance/Device_Maintenance/Pods
    builtin-precompileModule /Users/runner/Library/Developer/Xcode/DerivedData/DeviceMaintenance-flyuwdobxekbtzdsqajzqyikscoo/Build/Intermediates.noindex/ArchiveIntermediates/DeviceMaintenance/IntermediateBuildFilesPath/ExplicitPrecompiledModules/pthread-8GMN2Y5L5X1B5BIFI2FGSE84U.scan

PrecompileModule /Users/runner/Library/Developer/Xcode/DerivedData/DeviceMaintenance-flyuwdobxekbtzdsqajzqyikscoo/Build/Intermediates.noindex/ArchiveIntermediates/DeviceMaintenance/IntermediateBuildFilesPath/ExplicitPrecompiledModules/_math-1B4RT14VSQOIEEDKF9VJRQUCL.scan
    cd /Users/runner/work/Device_Maintenance/Device_Maintenance/Pods
    builtin-precompileModule /Users/runner/Library/Developer/Xcode/DerivedData/DeviceMaintenance-flyuwdobxekbtzdsqajzqyikscoo/Build/Intermediates.noindex/ArchiveIntermediates/DeviceMaintenance/IntermediateBuildFilesPath/ExplicitPrecompiledModules/_math-1B4RT14VSQOIEEDKF9VJRQUCL.scan

PrecompileModule /Users/runner/Library/Developer/Xcode/DerivedData/DeviceMaintenance-flyuwdobxekbtzdsqajzqyikscoo/Build/Intermediates.noindex/ArchiveIntermediates/DeviceMaintenance/IntermediateBuildFilesPath/ExplicitPrecompiledModules/xlocale-9XKKGKV8UB1U0LJ9O3GV1XBMW.scan
    cd /Users/runner/work/Device_Maintenance/Device_Maintenance/Pods
    builtin-precompileModule /Users/runner/Library/Developer/Xcode/DerivedData/DeviceMaintenance-flyuwdobxekbtzdsqajzqyikscoo/Build/Intermediates.noindex/ArchiveIntermediates/DeviceMaintenance/IntermediateBuildFilesPath/ExplicitPrecompiledModules/xlocale-9XKKGKV8UB1U0LJ9O3GV1XBMW.scan

PrecompileModule /Users/runner/Library/Developer/Xcode/DerivedData/DeviceMaintenance-flyuwdobxekbtzdsqajzqyikscoo/Build/Intermediates.noindex/ArchiveIntermediates/DeviceMaintenance/IntermediateBuildFilesPath/ExplicitPrecompiledModules/_Builtin_float-5OM06F8DGPFC8XOXN2DOUQ6KS.scan
    cd /Users/runner/work/Device_Maintenance/Device_Maintenance/Pods
    builtin-precompileModule /Users/runner/Library/Developer/Xcode/DerivedData/DeviceMaintenance-flyuwdobxekbtzdsqajzqyikscoo/Build/Intermediates.noindex/ArchiveIntermediates/DeviceMaintenance/IntermediateBuildFilesPath/ExplicitPrecompiledModules/_Builtin_float-5OM06F8DGPFC8XOXN2DOUQ6KS.scan

PrecompileModule /Users/runner/Library/Developer/Xcode/DerivedData/DeviceMaintenance-flyuwdobxekbtzdsqajzqyikscoo/Build/Intermediates.noindex/ArchiveIntermediates/DeviceMaintenance/IntermediateBuildFilesPath/ExplicitPrecompiledModules/_tgmath-CHO8ML9BCC5RC7DZNMCMLWJOO.scan
    cd /Users/runner/work/Device_Maintenance/Device_Maintenance/Pods
    builtin-precompileModule /Users/runner/Library/Developer/Xcode/DerivedData/DeviceMaintenance-flyuwdobxekbtzdsqajzqyikscoo/Build/Intermediates.noindex/ArchiveIntermediates/DeviceMaintenance/IntermediateBuildFilesPath/ExplicitPrecompiledModules/_tgmath-CHO8ML9BCC5RC7DZNMCMLWJOO.scan

PrecompileModule /Users/runner/Library/Developer/Xcode/DerivedData/DeviceMaintenance-flyuwdobxekbtzdsqajzqyikscoo/Build/Intermediates.noindex/ArchiveIntermediates/DeviceMaintenance/IntermediateBuildFilesPath/ExplicitPrecompiledModules/_strings-4XHV8MBN7KURC2LDLGR77SI08.scan
    cd /Users/runner/work/Device_Maintenance/Device_Maintenance/Pods
    builtin-precompileModule /Users/runner/Library/Developer/Xcode/DerivedData/DeviceMaintenance-flyuwdobxekbtzdsqajzqyikscoo/Build/Intermediates.noindex/ArchiveIntermediates/DeviceMaintenance/IntermediateBuildFilesPath/ExplicitPrecompiledModules/_strings-4XHV8MBN7KURC2LDLGR77SI08.scan

PrecompileModule /Users/runner/Library/Developer/Xcode/DerivedData/DeviceMaintenance-flyuwdobxekbtzdsqajzqyikscoo/Build/Intermediates.noindex/ArchiveIntermediates/DeviceMaintenance/IntermediateBuildFilesPath/ExplicitPrecompiledModules/gethostuuid-8HKSNG50X1NB1RFKQAH2Z4IZ.scan
    cd /Users/runner/work/Device_Maintenance/Device_Maintenance/Pods
    builtin-precompileModule /Users/runner/Library/Developer/Xcode/DerivedData/DeviceMaintenance-flyuwdobxekbtzdsqajzqyikscoo/Build/Intermediates.noindex/ArchiveIntermediates/DeviceMaintenance/IntermediateBuildFilesPath/ExplicitPrecompiledModules/gethostuuid-8HKSNG50X1NB1RFKQAH2Z4IZ.scan

PrecompileModule /Users/runner/Library/Developer/Xcode/DerivedData/DeviceMaintenance-flyuwdobxekbtzdsqajzqyikscoo/Build/Intermediates.noindex/ArchiveIntermediates/DeviceMaintenance/IntermediateBuildFilesPath/ExplicitPrecompiledModules/_wchar-1Q4BIOASML8POIMBJ9LE77H6W.scan
    cd /Users/runner/work/Device_Maintenance/Device_Maintenance/Pods
    builtin-precompileModule /Users/runner/Library/Developer/Xcode/DerivedData/DeviceMaintenance-flyuwdobxekbtzdsqajzqyikscoo/Build/Intermediates.noindex/ArchiveIntermediates/DeviceMaintenance/IntermediateBuildFilesPath/ExplicitPrecompiledModules/_wchar-1Q4BIOASML8POIMBJ9LE77H6W.scan

PrecompileModule /Users/runner/Library/Developer/Xcode/DerivedData/DeviceMaintenance-flyuwdobxekbtzdsqajzqyikscoo/Build/Intermediates.noindex/ArchiveIntermediates/DeviceMaintenance/IntermediateBuildFilesPath/ExplicitPrecompiledModules/nl_types-D9QNRO71VARI19VVSI4835UFX.scan
    cd /Users/runner/work/Device_Maintenance/Device_Maintenance/Pods
    builtin-precompileModule /Users/runner/Library/Developer/Xcode/DerivedData/DeviceMaintenance-flyuwdobxekbtzdsqajzqyikscoo/Build/Intermediates.noindex/ArchiveIntermediates/DeviceMaintenance/IntermediateBuildFilesPath/ExplicitPrecompiledModules/nl_types-D9QNRO71VARI19VVSI4835UFX.scan

PrecompileModule /Users/runner/Library/Developer/Xcode/DerivedData/DeviceMaintenance-flyuwdobxekbtzdsqajzqyikscoo/Build/Intermediates.noindex/ArchiveIntermediates/DeviceMaintenance/IntermediateBuildFilesPath/ExplicitPrecompiledModules/_Builtin_tgmath-CPBXW9E2I4SXD1JZHK6PFLEZE.scan
    cd /Users/runner/work/Device_Maintenance/Device_Maintenance/Pods
    builtin-precompileModule /Users/runner/Library/Developer/Xcode/DerivedData/DeviceMaintenance-flyuwdobxekbtzdsqajzqyikscoo/Build/Intermediates.noindex/ArchiveIntermediates/DeviceMaintenance/IntermediateBuildFilesPath/ExplicitPrecompiledModules/_Builtin_tgmath-CPBXW9E2I4SXD1JZHK6PFLEZE.scan

PrecompileModule /Users/runner/Library/Developer/Xcode/DerivedData/DeviceMaintenance-flyuwdobxekbtzdsqajzqyikscoo/Build/Intermediates.noindex/ArchiveIntermediates/DeviceMaintenance/IntermediateBuildFilesPath/ExplicitPrecompiledModules/unistd-CVIRT7XNCMT237CZRLLWFZWN4.scan
    cd /Users/runner/work/Device_Maintenance/Device_Maintenance/Pods
    builtin-precompileModule /Users/runner/Library/Developer/Xcode/DerivedData/DeviceMaintenance-flyuwdobxekbtzdsqajzqyikscoo/Build/Intermediates.noindex/ArchiveIntermediates/DeviceMaintenance/IntermediateBuildFilesPath/ExplicitPrecompiledModules/unistd-CVIRT7XNCMT237CZRLLWFZWN4.scan

PrecompileModule /Users/runner/Library/Developer/Xcode/DerivedData/DeviceMaintenance-flyuwdobxekbtzdsqajzqyikscoo/Build/Intermediates.noindex/ArchiveIntermediates/DeviceMaintenance/IntermediateBuildFilesPath/ExplicitPrecompiledModules/_string-DEEMMT4A55WBX1GHVVEP0YPRQ.scan
    cd /Users/runner/work/Device_Maintenance/Device_Maintenance/Pods
    builtin-precompileModule /Users/runner/Library/Developer/Xcode/DerivedData/DeviceMaintenance-flyuwdobxekbtzdsqajzqyikscoo/Build/Intermediates.noindex/ArchiveIntermediates/DeviceMaintenance/IntermediateBuildFilesPath/ExplicitPrecompiledModules/_string-DEEMMT4A55WBX1GHVVEP0YPRQ.scan

PrecompileModule /Users/runner/Library/Developer/Xcode/DerivedData/DeviceMaintenance-flyuwdobxekbtzdsqajzqyikscoo/Build/Intermediates.noindex/ArchiveIntermediates/DeviceMaintenance/IntermediateBuildFilesPath/ExplicitPrecompiledModules/sys_wait-TC18UB4U07T873N2XZRNEPWJ.scan
    cd /Users/runner/work/Device_Maintenance/Device_Maintenance/Pods
    builtin-precompileModule /Users/runner/Library/Developer/Xcode/DerivedData/DeviceMaintenance-flyuwdobxekbtzdsqajzqyikscoo/Build/Intermediates.noindex/ArchiveIntermediates/DeviceMaintenance/IntermediateBuildFilesPath/ExplicitPrecompiledModules/sys_wait-TC18UB4U07T873N2XZRNEPWJ.scan

PrecompileModule /Users/runner/Library/Developer/Xcode/DerivedData/DeviceMaintenance-flyuwdobxekbtzdsqajzqyikscoo/Build/Intermediates.noindex/ArchiveIntermediates/DeviceMaintenance/IntermediateBuildFilesPath/ExplicitPrecompiledModules/_wchar-9F8XSKN4I3Q71KZNG3HESLZI3.scan
    cd /Users/runner/work/Device_Maintenance/Device_Maintenance/Pods
    builtin-precompileModule /Users/runner/Library/Developer/Xcode/DerivedData/DeviceMaintenance-flyuwdobxekbtzdsqajzqyikscoo/Build/Intermediates.noindex/ArchiveIntermediates/DeviceMaintenance/IntermediateBuildFilesPath/ExplicitPrecompiledModules/_wchar-9F8XSKN4I3Q71KZNG3HESLZI3.scan

PrecompileModule /Users/runner/Library/Developer/Xcode/DerivedData/DeviceMaintenance-flyuwdobxekbtzdsqajzqyikscoo/Build/Intermediates.noindex/ArchiveIntermediates/DeviceMaintenance/IntermediateBuildFilesPath/ExplicitPrecompiledModules/sys_time-2SE7HBAD7GPM1UB0V8CZWRBB5.scan
    cd /Users/runner/work/Device_Maintenance/Device_Maintenance/Pods
    builtin-precompileModule /Users/runner/Library/Developer/Xcode/DerivedData/DeviceMaintenance-flyuwdobxekbtzdsqajzqyikscoo/Build/Intermediates.noindex/ArchiveIntermediates/DeviceMaintenance/IntermediateBuildFilesPath/ExplicitPrecompiledModules/sys_time-2SE7HBAD7GPM1UB0V8CZWRBB5.scan

PrecompileModule /Users/runner/Library/Developer/Xcode/DerivedData/DeviceMaintenance-flyuwdobxekbtzdsqajzqyikscoo/Build/Intermediates.noindex/ArchiveIntermediates/DeviceMaintenance/IntermediateBuildFilesPath/ExplicitPrecompiledModules/_assert-1TM27T3JKAZ0OGDK2AJMQDBB0.scan
    cd /Users/runner/work/Device_Maintenance/Device_Maintenance/Pods
    builtin-precompileModule /Users/runner/Library/Developer/Xcode/DerivedData/DeviceMaintenance-flyuwdobxekbtzdsqajzqyikscoo/Build/Intermediates.noindex/ArchiveIntermediates/DeviceMaintenance/IntermediateBuildFilesPath/ExplicitPrecompiledModules/_assert-1TM27T3JKAZ0OGDK2AJMQDBB0.scan

PrecompileModule /Users/runner/Library/Developer/Xcode/DerivedData/DeviceMaintenance-flyuwdobxekbtzdsqajzqyikscoo/Build/Intermediates.noindex/ArchiveIntermediates/DeviceMaintenance/IntermediateBuildFilesPath/ExplicitPrecompiledModules/_stdlib-7LNHLB1AOLK0NXBGT6GCVLR84.scan
    cd /Users/runner/work/Device_Maintenance/Device_Maintenance/Pods
    builtin-precompileModule /Users/runner/Library/Developer/Xcode/DerivedData/DeviceMaintenance-flyuwdobxekbtzdsqajzqyikscoo/Build/Intermediates.noindex/ArchiveIntermediates/DeviceMaintenance/IntermediateBuildFilesPath/ExplicitPrecompiledModules/_stdlib-7LNHLB1AOLK0NXBGT6GCVLR84.scan

PrecompileModule /Users/runner/Library/Developer/Xcode/DerivedData/DeviceMaintenance-flyuwdobxekbtzdsqajzqyikscoo/Build/Intermediates.noindex/ArchiveIntermediates/DeviceMaintenance/IntermediateBuildFilesPath/ExplicitPrecompiledModules/sys_select-EKMGTZ3G7WSNGBFJAFUD7QYBF.scan
    cd /Users/runner/work/Device_Maintenance/Device_Maintenance/Pods
    builtin-precompileModule /Users/runner/Library/Developer/Xcode/DerivedData/DeviceMaintenance-flyuwdobxekbtzdsqajzqyikscoo/Build/Intermediates.noindex/ArchiveIntermediates/DeviceMaintenance/IntermediateBuildFilesPath/ExplicitPrecompiledModules/sys_select-EKMGTZ3G7WSNGBFJAFUD7QYBF.scan

PrecompileModule /Users/runner/Library/Developer/Xcode/DerivedData/DeviceMaintenance-flyuwdobxekbtzdsqajzqyikscoo/Build/Intermediates.noindex/ArchiveIntermediates/DeviceMaintenance/IntermediateBuildFilesPath/ExplicitPrecompiledModules/_stdint-8SELT1ST37XFMUQLCIURZD6W6.scan
    cd /Users/runner/work/Device_Maintenance/Device_Maintenance/Pods
    builtin-precompileModule /Users/runner/Library/Developer/Xcode/DerivedData/DeviceMaintenance-flyuwdobxekbtzdsqajzqyikscoo/Build/Intermediates.noindex/ArchiveIntermediates/DeviceMaintenance/IntermediateBuildFilesPath/ExplicitPrecompiledModules/_stdint-8SELT1ST37XFMUQLCIURZD6W6.scan

PrecompileModule /Users/runner/Library/Developer/Xcode/DerivedData/DeviceMaintenance-flyuwdobxekbtzdsqajzqyikscoo/Build/Intermediates.noindex/ArchiveIntermediates/DeviceMaintenance/IntermediateBuildFilesPath/ExplicitPrecompiledModules/nl_types-6YS4NSF0IYBXEKVQ8MFKO8E2G.scan
    cd /Users/runner/work/Device_Maintenance/Device_Maintenance/Pods
    builtin-precompileModule /Users/runner/Library/Developer/Xcode/DerivedData/DeviceMaintenance-flyuwdobxekbtzdsqajzqyikscoo/Build/Intermediates.noindex/ArchiveIntermediates/DeviceMaintenance/IntermediateBuildFilesPath/ExplicitPrecompiledModules/nl_types-6YS4NSF0IYBXEKVQ8MFKO8E2G.scan

PrecompileModule /Users/runner/Library/Developer/Xcode/DerivedData/DeviceMaintenance-flyuwdobxekbtzdsqajzqyikscoo/Build/Intermediates.noindex/ArchiveIntermediates/DeviceMaintenance/IntermediateBuildFilesPath/ExplicitPrecompiledModules/unistd-EAVYGY9O1KRVQZBQNPW0T7VP5.scan
    cd /Users/runner/work/Device_Maintenance/Device_Maintenance/Pods
    builtin-precompileModule /Users/runner/Library/Developer/Xcode/DerivedData/DeviceMaintenance-flyuwdobxekbtzdsqajzqyikscoo/Build/Intermediates.noindex/ArchiveIntermediates/DeviceMaintenance/IntermediateBuildFilesPath/ExplicitPrecompiledModules/unistd-EAVYGY9O1KRVQZBQNPW0T7VP5.scan

PrecompileModule /Users/runner/Library/Developer/Xcode/DerivedData/DeviceMaintenance-flyuwdobxekbtzdsqajzqyikscoo/Build/Intermediates.noindex/ArchiveIntermediates/DeviceMaintenance/IntermediateBuildFilesPath/ExplicitPrecompiledModules/Darwin-B0YTV2RVB8NAHBEG9EDGNM0ZE.scan
    cd /Users/runner/work/Device_Maintenance/Device_Maintenance/Pods
    builtin-precompileModule /Users/runner/Library/Developer/Xcode/DerivedData/DeviceMaintenance-flyuwdobxekbtzdsqajzqyikscoo/Build/Intermediates.noindex/ArchiveIntermediates/DeviceMaintenance/IntermediateBuildFilesPath/ExplicitPrecompiledModules/Darwin-B0YTV2RVB8NAHBEG9EDGNM0ZE.scan

PrecompileModule /Users/runner/Library/Developer/Xcode/DerivedData/DeviceMaintenance-flyuwdobxekbtzdsqajzqyikscoo/Build/Intermediates.noindex/ArchiveIntermediates/DeviceMaintenance/IntermediateBuildFilesPath/ExplicitPrecompiledModules/_Builtin_stdint-8JI553Y29TV35TQLOGXYKAUUJ.scan
    cd /Users/runner/work/Device_Maintenance/Device_Maintenance/Pods
    builtin-precompileModule /Users/runner/Library/Developer/Xcode/DerivedData/DeviceMaintenance-flyuwdobxekbtzdsqajzqyikscoo/Build/Intermediates.noindex/ArchiveIntermediates/DeviceMaintenance/IntermediateBuildFilesPath/ExplicitPrecompiledModules/_Builtin_stdint-8JI553Y29TV35TQLOGXYKAUUJ.scan

PrecompileModule /Users/runner/Library/Developer/Xcode/DerivedData/DeviceMaintenance-flyuwdobxekbtzdsqajzqyikscoo/Build/Intermediates.noindex/ArchiveIntermediates/DeviceMaintenance/IntermediateBuildFilesPath/ExplicitPrecompiledModules/_inttypes-AJQMKPO0XJFKQ82Q3EBPHYT0A.scan
    cd /Users/runner/work/Device_Maintenance/Device_Maintenance/Pods
    builtin-precompileModule /Users/runner/Library/Developer/Xcode/DerivedData/DeviceMaintenance-flyuwdobxekbtzdsqajzqyikscoo/Build/Intermediates.noindex/ArchiveIntermediates/DeviceMaintenance/IntermediateBuildFilesPath/ExplicitPrecompiledModules/_inttypes-AJQMKPO0XJFKQ82Q3EBPHYT0A.scan

PrecompileModule /Users/runner/Library/Developer/Xcode/DerivedData/DeviceMaintenance-flyuwdobxekbtzdsqajzqyikscoo/Build/Intermediates.noindex/ArchiveIntermediates/DeviceMaintenance/IntermediateBuildFilesPath/ExplicitPrecompiledModules/_Builtin_stdatomic-CSJQUVOBVTWPL649XVHW2PS87.scan
    cd /Users/runner/work/Device_Maintenance/Device_Maintenance/Pods
    builtin-precompileModule /Users/runner/Library/Developer/Xcode/DerivedData/DeviceMaintenance-flyuwdobxekbtzdsqajzqyikscoo/Build/Intermediates.noindex/ArchiveIntermediates/DeviceMaintenance/IntermediateBuildFilesPath/ExplicitPrecompiledModules/_Builtin_stdatomic-CSJQUVOBVTWPL649XVHW2PS87.scan

PrecompileModule /Users/runner/Library/Developer/Xcode/DerivedData/DeviceMaintenance-flyuwdobxekbtzdsqajzqyikscoo/Build/Intermediates.noindex/ArchiveIntermediates/DeviceMaintenance/IntermediateBuildFilesPath/ExplicitPrecompiledModules/sys_resource-5YIIW1GCD3YETMF3UGKUVBPB.scan
    cd /Users/runner/work/Device_Maintenance/Device_Maintenance/Pods
    builtin-precompileModule /Users/runner/Library/Developer/Xcode/DerivedData/DeviceMaintenance-flyuwdobxekbtzdsqajzqyikscoo/Build/Intermediates.noindex/ArchiveIntermediates/DeviceMaintenance/IntermediateBuildFilesPath/ExplicitPrecompiledModules/sys_resource-5YIIW1GCD3YETMF3UGKUVBPB.scan

PrecompileModule /Users/runner/Library/Developer/Xcode/DerivedData/DeviceMaintenance-flyuwdobxekbtzdsqajzqyikscoo/Build/Intermediates.noindex/ArchiveIntermediates/DeviceMaintenance/IntermediateBuildFilesPath/ExplicitPrecompiledModules/_Builtin_inttypes-9EVISJ0DTVZOGUX2GKYWOKOQ4.scan
    cd /Users/runner/work/Device_Maintenance/Device_Maintenance/Pods
    builtin-precompileModule /Users/runner/Library/Developer/Xcode/DerivedData/DeviceMaintenance-flyuwdobxekbtzdsqajzqyikscoo/Build/Intermediates.noindex/ArchiveIntermediates/DeviceMaintenance/IntermediateBuildFilesPath/ExplicitPrecompiledModules/_Builtin_inttypes-9EVISJ0DTVZOGUX2GKYWOKOQ4.scan

PrecompileModule /Users/runner/Library/Developer/Xcode/DerivedData/DeviceMaintenance-flyuwdobxekbtzdsqajzqyikscoo/Build/Intermediates.noindex/ArchiveIntermediates/DeviceMaintenance/IntermediateBuildFilesPath/ExplicitPrecompiledModules/sys_wait-2M40SE291GDCKY9W9R32ELDUD.scan
    cd /Users/runner/work/Device_Maintenance/Device_Maintenance/Pods
    builtin-precompileModule /Users/runner/Library/Developer/Xcode/DerivedData/DeviceMaintenance-flyuwdobxekbtzdsqajzqyikscoo/Build/Intermediates.noindex/ArchiveIntermediates/DeviceMaintenance/IntermediateBuildFilesPath/ExplicitPrecompiledModules/sys_wait-2M40SE291GDCKY9W9R32ELDUD.scan

PrecompileModule /Users/runner/Library/Developer/Xcode/DerivedData/DeviceMaintenance-flyuwdobxekbtzdsqajzqyikscoo/Build/Intermediates.noindex/ArchiveIntermediates/DeviceMaintenance/IntermediateBuildFilesPath/ExplicitPrecompiledModules/_stdlib-BQ6100TBEDMQ7OKF33NV284CH.scan
    cd /Users/runner/work/Device_Maintenance/Device_Maintenance/Pods
    builtin-precompileModule /Users/runner/Library/Developer/Xcode/DerivedData/DeviceMaintenance-flyuwdobxekbtzdsqajzqyikscoo/Build/Intermediates.noindex/ArchiveIntermediates/DeviceMaintenance/IntermediateBuildFilesPath/ExplicitPrecompiledModules/_stdlib-BQ6100TBEDMQ7OKF33NV284CH.scan

PrecompileModule /Users/runner/Library/Developer/Xcode/DerivedData/DeviceMaintenance-flyuwdobxekbtzdsqajzqyikscoo/Build/Intermediates.noindex/ArchiveIntermediates/DeviceMaintenance/IntermediateBuildFilesPath/ExplicitPrecompiledModules/Darwin-85CW0KY0J904BIYWH4AKYLPRS.scan
    cd /Users/runner/work/Device_Maintenance/Device_Maintenance/Pods
    builtin-precompileModule /Users/runner/Library/Developer/Xcode/DerivedData/DeviceMaintenance-flyuwdobxekbtzdsqajzqyikscoo/Build/Intermediates.noindex/ArchiveIntermediates/DeviceMaintenance/IntermediateBuildFilesPath/ExplicitPrecompiledModules/Darwin-85CW0KY0J904BIYWH4AKYLPRS.scan

PrecompileModule /Users/runner/Library/Developer/Xcode/DerivedData/DeviceMaintenance-flyuwdobxekbtzdsqajzqyikscoo/Build/Intermediates.noindex/ArchiveIntermediates/DeviceMaintenance/IntermediateBuildFilesPath/ExplicitPrecompiledModules/ObjectiveC-AEQBM9UDZCTBKQJGU4QL79DO1.scan
    cd /Users/runner/work/Device_Maintenance/Device_Maintenance/Pods
    builtin-precompileModule /Users/runner/Library/Developer/Xcode/DerivedData/DeviceMaintenance-flyuwdobxekbtzdsqajzqyikscoo/Build/Intermediates.noindex/ArchiveIntermediates/DeviceMaintenance/IntermediateBuildFilesPath/ExplicitPrecompiledModules/ObjectiveC-AEQBM9UDZCTBKQJGU4QL79DO1.scan

PrecompileModule /Users/runner/Library/Developer/Xcode/DerivedData/DeviceMaintenance-flyuwdobxekbtzdsqajzqyikscoo/Build/Intermediates.noindex/ArchiveIntermediates/DeviceMaintenance/IntermediateBuildFilesPath/ExplicitPrecompiledModules/os_object-4F05C7K3ZRQYFBR21TZUCLKS9.scan
    cd /Users/runner/work/Device_Maintenance/Device_Maintenance/Pods
    builtin-precompileModule /Users/runner/Library/Developer/Xcode/DerivedData/DeviceMaintenance-flyuwdobxekbtzdsqajzqyikscoo/Build/Intermediates.noindex/ArchiveIntermediates/DeviceMaintenance/IntermediateBuildFilesPath/ExplicitPrecompiledModules/os_object-4F05C7K3ZRQYFBR21TZUCLKS9.scan

PrecompileModule /Users/runner/Library/Developer/Xcode/DerivedData/DeviceMaintenance-flyuwdobxekbtzdsqajzqyikscoo/Build/Intermediates.noindex/ArchiveIntermediates/DeviceMaintenance/IntermediateBuildFilesPath/ExplicitPrecompiledModules/os_workgroup-1X3XIW72PISRICW34F8KXJV0T.scan
    cd /Users/runner/work/Device_Maintenance/Device_Maintenance/Pods
    builtin-precompileModule /Users/runner/Library/Developer/Xcode/DerivedData/DeviceMaintenance-flyuwdobxekbtzdsqajzqyikscoo/Build/Intermediates.noindex/ArchiveIntermediates/DeviceMaintenance/IntermediateBuildFilesPath/ExplicitPrecompiledModules/os_workgroup-1X3XIW72PISRICW34F8KXJV0T.scan

PrecompileModule /Users/runner/Library/Developer/Xcode/DerivedData/DeviceMaintenance-flyuwdobxekbtzdsqajzqyikscoo/Build/Intermediates.noindex/ArchiveIntermediates/DeviceMaintenance/IntermediateBuildFilesPath/ExplicitPrecompiledModules/Dispatch-5EINS7JUO5ZSK7Y5NBG69JFWW.scan
    cd /Users/runner/work/Device_Maintenance/Device_Maintenance/Pods
    builtin-precompileModule /Users/runner/Library/Developer/Xcode/DerivedData/DeviceMaintenance-flyuwdobxekbtzdsqajzqyikscoo/Build/Intermediates.noindex/ArchiveIntermediates/DeviceMaintenance/IntermediateBuildFilesPath/ExplicitPrecompiledModules/Dispatch-5EINS7JUO5ZSK7Y5NBG69JFWW.scan

PrecompileModule /Users/runner/Library/Developer/Xcode/DerivedData/DeviceMaintenance-flyuwdobxekbtzdsqajzqyikscoo/Build/Intermediates.noindex/ArchiveIntermediates/DeviceMaintenance/IntermediateBuildFilesPath/ExplicitPrecompiledModules/ObjectiveC-98V8SLH6P97P9VL4Z73HH08Y5.scan
    cd /Users/runner/work/Device_Maintenance/Device_Maintenance/Pods
    builtin-precompileModule /Users/runner/Library/Developer/Xcode/DerivedData/DeviceMaintenance-flyuwdobxekbtzdsqajzqyikscoo/Build/Intermediates.noindex/ArchiveIntermediates/DeviceMaintenance/IntermediateBuildFilesPath/ExplicitPrecompiledModules/ObjectiveC-98V8SLH6P97P9VL4Z73HH08Y5.scan

PrecompileModule /Users/runner/Library/Developer/Xcode/DerivedData/DeviceMaintenance-flyuwdobxekbtzdsqajzqyikscoo/Build/Intermediates.noindex/ArchiveIntermediates/DeviceMaintenance/IntermediateBuildFilesPath/ExplicitPrecompiledModules/XPC-5GAHS4EI4F7EB435O16EC0TIN.scan
    cd /Users/runner/work/Device_Maintenance/Device_Maintenance/Pods
    builtin-precompileModule /Users/runner/Library/Developer/Xcode/DerivedData/DeviceMaintenance-flyuwdobxekbtzdsqajzqyikscoo/Build/Intermediates.noindex/ArchiveIntermediates/DeviceMaintenance/IntermediateBuildFilesPath/ExplicitPrecompiledModules/XPC-5GAHS4EI4F7EB435O16EC0TIN.scan

PrecompileModule /Users/runner/Library/Developer/Xcode/DerivedData/DeviceMaintenance-flyuwdobxekbtzdsqajzqyikscoo/Build/Intermediates.noindex/ArchiveIntermediates/DeviceMaintenance/IntermediateBuildFilesPath/ExplicitPrecompiledModules/CoreFoundation-8JUVAKNKBB5TZQZ8BAZCINPGN.scan
    cd /Users/runner/work/Device_Maintenance/Device_Maintenance/Pods
    builtin-precompileModule /Users/runner/Library/Developer/Xcode/DerivedData/DeviceMaintenance-flyuwdobxekbtzdsqajzqyikscoo/Build/Intermediates.noindex/ArchiveIntermediates/DeviceMaintenance/IntermediateBuildFilesPath/ExplicitPrecompiledModules/CoreFoundation-8JUVAKNKBB5TZQZ8BAZCINPGN.scan

PrecompileModule /Users/runner/Library/Developer/Xcode/DerivedData/DeviceMaintenance-flyuwdobxekbtzdsqajzqyikscoo/Build/Intermediates.noindex/ArchiveIntermediates/DeviceMaintenance/IntermediateBuildFilesPath/ExplicitPrecompiledModules/os_object-AP423JUD87WFPB9JLOLFFLH4.scan
    cd /Users/runner/work/Device_Maintenance/Device_Maintenance/Pods
    builtin-precompileModule /Users/runner/Library/Developer/Xcode/DerivedData/DeviceMaintenance-flyuwdobxekbtzdsqajzqyikscoo/Build/Intermediates.noindex/ArchiveIntermediates/DeviceMaintenance/IntermediateBuildFilesPath/ExplicitPrecompiledModules/os_object-AP423JUD87WFPB9JLOLFFLH4.scan

PrecompileModule /Users/runner/Library/Developer/Xcode/DerivedData/DeviceMaintenance-flyuwdobxekbtzdsqajzqyikscoo/Build/Intermediates.noindex/ArchiveIntermediates/DeviceMaintenance/IntermediateBuildFilesPath/ExplicitPrecompiledModules/os_workgroup-DTDU7YEA6NPB5RNZTDA5Z5YCR.scan
    cd /Users/runner/work/Device_Maintenance/Device_Maintenance/Pods
    builtin-precompileModule /Users/runner/Library/Developer/Xcode/DerivedData/DeviceMaintenance-flyuwdobxekbtzdsqajzqyikscoo/Build/Intermediates.noindex/ArchiveIntermediates/DeviceMaintenance/IntermediateBuildFilesPath/ExplicitPrecompiledModules/os_workgroup-DTDU7YEA6NPB5RNZTDA5Z5YCR.scan

PrecompileModule /Users/runner/Library/Developer/Xcode/DerivedData/DeviceMaintenance-flyuwdobxekbtzdsqajzqyikscoo/Build/Intermediates.noindex/ArchiveIntermediates/DeviceMaintenance/IntermediateBuildFilesPath/ExplicitPrecompiledModules/Dispatch-5V4Y8Z2M3P0CO3GH3OZ68HFD3.scan
    cd /Users/runner/work/Device_Maintenance/Device_Maintenance/Pods
    builtin-precompileModule /Users/runner/Library/Developer/Xcode/DerivedData/DeviceMaintenance-flyuwdobxekbtzdsqajzqyikscoo/Build/Intermediates.noindex/ArchiveIntermediates/DeviceMaintenance/IntermediateBuildFilesPath/ExplicitPrecompiledModules/Dispatch-5V4Y8Z2M3P0CO3GH3OZ68HFD3.scan

PrecompileModule /Users/runner/Library/Developer/Xcode/DerivedData/DeviceMaintenance-flyuwdobxekbtzdsqajzqyikscoo/Build/Intermediates.noindex/ArchiveIntermediates/DeviceMaintenance/IntermediateBuildFilesPath/ExplicitPrecompiledModules/CFNetwork-99GJ9YUB6FAPQ7FG26LLGN0W6.scan
    cd /Users/runner/work/Device_Maintenance/Device_Maintenance/Pods
    builtin-precompileModule /Users/runner/Library/Developer/Xcode/DerivedData/DeviceMaintenance-flyuwdobxekbtzdsqajzqyikscoo/Build/Intermediates.noindex/ArchiveIntermediates/DeviceMaintenance/IntermediateBuildFilesPath/ExplicitPrecompiledModules/CFNetwork-99GJ9YUB6FAPQ7FG26LLGN0W6.scan

PrecompileModule /Users/runner/Library/Developer/Xcode/DerivedData/DeviceMaintenance-flyuwdobxekbtzdsqajzqyikscoo/Build/Intermediates.noindex/ArchiveIntermediates/DeviceMaintenance/IntermediateBuildFilesPath/ExplicitPrecompiledModules/Security-78Z91C6I87KYF8QNLYU8N2871.scan
    cd /Users/runner/work/Device_Maintenance/Device_Maintenance/Pods
    builtin-precompileModule /Users/runner/Library/Developer/Xcode/DerivedData/DeviceMaintenance-flyuwdobxekbtzdsqajzqyikscoo/Build/Intermediates.noindex/ArchiveIntermediates/DeviceMaintenance/IntermediateBuildFilesPath/ExplicitPrecompiledModules/Security-78Z91C6I87KYF8QNLYU8N2871.scan

PrecompileModule /Users/runner/Library/Developer/Xcode/DerivedData/DeviceMaintenance-flyuwdobxekbtzdsqajzqyikscoo/Build/Intermediates.noindex/ArchiveIntermediates/DeviceMaintenance/IntermediateBuildFilesPath/ExplicitPrecompiledModules/CoreFoundation-530KJFJ2FL3UZVD49BJ9ZBYD0.scan
    cd /Users/runner/work/Device_Maintenance/Device_Maintenance/Pods
    builtin-precompileModule /Users/runner/Library/Developer/Xcode/DerivedData/DeviceMaintenance-flyuwdobxekbtzdsqajzqyikscoo/Build/Intermediates.noindex/ArchiveIntermediates/DeviceMaintenance/IntermediateBuildFilesPath/ExplicitPrecompiledModules/CoreFoundation-530KJFJ2FL3UZVD49BJ9ZBYD0.scan

PrecompileModule /Users/runner/Library/Developer/Xcode/DerivedData/DeviceMaintenance-flyuwdobxekbtzdsqajzqyikscoo/Build/Intermediates.noindex/ArchiveIntermediates/DeviceMaintenance/IntermediateBuildFilesPath/ExplicitPrecompiledModules/XPC-CAX0ZPW9ZLAWIQCSS3FPJREDL.scan
    cd /Users/runner/work/Device_Maintenance/Device_Maintenance/Pods
    builtin-precompileModule /Users/runner/Library/Developer/Xcode/DerivedData/DeviceMaintenance-flyuwdobxekbtzdsqajzqyikscoo/Build/Intermediates.noindex/ArchiveIntermediates/DeviceMaintenance/IntermediateBuildFilesPath/ExplicitPrecompiledModules/XPC-CAX0ZPW9ZLAWIQCSS3FPJREDL.scan

PrecompileModule /Users/runner/Library/Developer/Xcode/DerivedData/DeviceMaintenance-flyuwdobxekbtzdsqajzqyikscoo/Build/Intermediates.noindex/ArchiveIntermediates/DeviceMaintenance/IntermediateBuildFilesPath/ExplicitPrecompiledModules/Foundation-6751WX7Q7KWANQ13RK3KF1XXJ.scan
    cd /Users/runner/work/Device_Maintenance/Device_Maintenance/Pods
    builtin-precompileModule /Users/runner/Library/Developer/Xcode/DerivedData/DeviceMaintenance-flyuwdobxekbtzdsqajzqyikscoo/Build/Intermediates.noindex/ArchiveIntermediates/DeviceMaintenance/IntermediateBuildFilesPath/ExplicitPrecompiledModules/Foundation-6751WX7Q7KWANQ13RK3KF1XXJ.scan

PrecompileModule /Users/runner/Library/Developer/Xcode/DerivedData/DeviceMaintenance-flyuwdobxekbtzdsqajzqyikscoo/Build/Intermediates.noindex/ArchiveIntermediates/DeviceMaintenance/IntermediateBuildFilesPath/ExplicitPrecompiledModules/CFNetwork-JYK8IC1H4FF1258GBLMEDZB.scan
    cd /Users/runner/work/Device_Maintenance/Device_Maintenance/Pods
    builtin-precompileModule /Users/runner/Library/Developer/Xcode/DerivedData/DeviceMaintenance-flyuwdobxekbtzdsqajzqyikscoo/Build/Intermediates.noindex/ArchiveIntermediates/DeviceMaintenance/IntermediateBuildFilesPath/ExplicitPrecompiledModules/CFNetwork-JYK8IC1H4FF1258GBLMEDZB.scan

PrecompileModule /Users/runner/Library/Developer/Xcode/DerivedData/DeviceMaintenance-flyuwdobxekbtzdsqajzqyikscoo/Build/Intermediates.noindex/ArchiveIntermediates/DeviceMaintenance/IntermediateBuildFilesPath/ExplicitPrecompiledModules/CoreGraphics-1GSZ9A91DYTOP70AIZSX320WK.scan
    cd /Users/runner/work/Device_Maintenance/Device_Maintenance/Pods
    builtin-precompileModule /Users/runner/Library/Developer/Xcode/DerivedData/DeviceMaintenance-flyuwdobxekbtzdsqajzqyikscoo/Build/Intermediates.noindex/ArchiveIntermediates/DeviceMaintenance/IntermediateBuildFilesPath/ExplicitPrecompiledModules/CoreGraphics-1GSZ9A91DYTOP70AIZSX320WK.scan

PrecompileModule /Users/runner/Library/Developer/Xcode/DerivedData/DeviceMaintenance-flyuwdobxekbtzdsqajzqyikscoo/Build/Intermediates.noindex/ArchiveIntermediates/DeviceMaintenance/IntermediateBuildFilesPath/ExplicitPrecompiledModules/Security-CJOYG81LY1IQO3O34UMT6JKEH.scan
    cd /Users/runner/work/Device_Maintenance/Device_Maintenance/Pods
    builtin-precompileModule /Users/runner/Library/Developer/Xcode/DerivedData/DeviceMaintenance-flyuwdobxekbtzdsqajzqyikscoo/Build/Intermediates.noindex/ArchiveIntermediates/DeviceMaintenance/IntermediateBuildFilesPath/ExplicitPrecompiledModules/Security-CJOYG81LY1IQO3O34UMT6JKEH.scan

PrecompileModule /Users/runner/Library/Developer/Xcode/DerivedData/DeviceMaintenance-flyuwdobxekbtzdsqajzqyikscoo/Build/Intermediates.noindex/ArchiveIntermediates/DeviceMaintenance/IntermediateBuildFilesPath/ExplicitPrecompiledModules/CoreText-NE8DNR4YU8A94X1SE90F2PFB.scan
    cd /Users/runner/work/Device_Maintenance/Device_Maintenance/Pods
    builtin-precompileModule /Users/runner/Library/Developer/Xcode/DerivedData/DeviceMaintenance-flyuwdobxekbtzdsqajzqyikscoo/Build/Intermediates.noindex/ArchiveIntermediates/DeviceMaintenance/IntermediateBuildFilesPath/ExplicitPrecompiledModules/CoreText-NE8DNR4YU8A94X1SE90F2PFB.scan

PrecompileModule /Users/runner/Library/Developer/Xcode/DerivedData/DeviceMaintenance-flyuwdobxekbtzdsqajzqyikscoo/Build/Intermediates.noindex/ArchiveIntermediates/DeviceMaintenance/IntermediateBuildFilesPath/ExplicitPrecompiledModules/ImageIO-BQFPJG81WB2KSXMCJYJGR41Z1.scan
    cd /Users/runner/work/Device_Maintenance/Device_Maintenance/Pods
    builtin-precompileModule /Users/runner/Library/Developer/Xcode/DerivedData/DeviceMaintenance-flyuwdobxekbtzdsqajzqyikscoo/Build/Intermediates.noindex/ArchiveIntermediates/DeviceMaintenance/IntermediateBuildFilesPath/ExplicitPrecompiledModules/ImageIO-BQFPJG81WB2KSXMCJYJGR41Z1.scan

PrecompileModule /Users/runner/Library/Developer/Xcode/DerivedData/DeviceMaintenance-flyuwdobxekbtzdsqajzqyikscoo/Build/Intermediates.noindex/ArchiveIntermediates/DeviceMaintenance/IntermediateBuildFilesPath/ExplicitPrecompiledModules/Foundation-AC7O3M059J566WXUFIYQND5GL.scan
    cd /Users/runner/work/Device_Maintenance/Device_Maintenance/Pods
    builtin-precompileModule /Users/runner/Library/Developer/Xcode/DerivedData/DeviceMaintenance-flyuwdobxekbtzdsqajzqyikscoo/Build/Intermediates.noindex/ArchiveIntermediates/DeviceMaintenance/IntermediateBuildFilesPath/ExplicitPrecompiledModules/Foundation-AC7O3M059J566WXUFIYQND5GL.scan

CompileC /Users/runner/Library/Developer/Xcode/DerivedData/DeviceMaintenance-flyuwdobxekbtzdsqajzqyikscoo/Build/Intermediates.noindex/ArchiveIntermediates/DeviceMaintenance/IntermediateBuildFilesPath/Pods.build/Release-iphoneos/Pods-DeviceMaintenance.build/Objects-normal/arm64/Pods-DeviceMaintenance-dummy.o /Users/runner/work/Device_Maintenance/Device_Maintenance/Pods/Target\ Support\ Files/Pods-DeviceMaintenance/Pods-DeviceMaintenance-dummy.m normal arm64 objective-c com.apple.compilers.llvm.clang.1_0.compiler (in target 'Pods-DeviceMaintenance' from project 'Pods')
    cd /Users/runner/work/Device_Maintenance/Device_Maintenance/Pods
    
    Using response file: /Users/runner/Library/Developer/Xcode/DerivedData/DeviceMaintenance-flyuwdobxekbtzdsqajzqyikscoo/Build/Intermediates.noindex/ArchiveIntermediates/DeviceMaintenance/IntermediateBuildFilesPath/Pods.build/Release-iphoneos/Pods-DeviceMaintenance.build/Objects-normal/arm64/e6072d4f65d7061329687fe24e3d63a7-common-args.resp
    
    /Applications/Xcode_16.4.app/Contents/Developer/Toolchains/XcodeDefault.xctoolchain/usr/bin/clang -x objective-c -ivfsstatcache /Users/runner/Library/Developer/Xcode/DerivedData/SDKStatCaches.noindex/iphoneos18.5-22F76-a529daf784b3616c7c04a36aeb7f5c05.sdkstatcache -fmessage-length\=0 -fdiagnostics-show-note-include-stack -fmacro-backtrace-limit\=0 -fno-color-diagnostics -fmodules-prune-interval\=86400 -fmodules-prune-after\=345600 -fbuild-session-file\=/Users/runner/Library/Developer/Xcode/DerivedData/ModuleCache.noindex/Session.modulevalidation -fmodules-validate-once-per-build-session -Wnon-modular-include-in-framework-module -Werror\=non-modular-include-in-framework-module -Wno-trigraphs -Wno-missing-field-initializers -Wno-missing-prototypes -Werror\=return-type -Wdocumentation -Wunreachable-code -Wno-implicit-atomic-properties -Werror\=deprecated-objc-isa-usage -Wno-objc-interface-ivars -Werror\=objc-root-class -Wno-arc-repeated-use-of-weak -Wimplicit-retain-self -Wduplicate-method-match -Wno-missing-braces -Wparentheses -Wswitch -Wunused-function -Wno-unused-label -Wno-unused-parameter -Wunused-variable -Wunused-value -Wempty-body -Wuninitialized -Wconditional-uninitialized -Wno-unknown-pragmas -Wno-shadow -Wno-four-char-constants -Wno-conversion -Wconstant-conversion -Wint-conversion -Wbool-conversion -Wenum-conversion -Wno-float-conversion -Wnon-literal-null-conversion -Wobjc-literal-conversion -Wshorten-64-to-32 -Wpointer-sign -Wno-newline-eof -Wno-selector -Wno-strict-selector-match -Wundeclared-selector -Wdeprecated-implementations -Wno-implicit-fallthrough -fstrict-aliasing -Wprotocol -Wdeprecated-declarations -Wno-sign-conversion -Winfinite-recursion -Wcomma -Wblock-capture-autoreleasing -Wstrict-prototypes -Wno-semicolon-before-method-body -Wunguarded-availability @/Users/runner/Library/Developer/Xcode/DerivedData/DeviceMaintenance-flyuwdobxekbtzdsqajzqyikscoo/Build/Intermediates.noindex/ArchiveIntermediates/DeviceMaintenance/IntermediateBuildFilesPath/Pods.build/Release-iphoneos/Pods-DeviceMaintenance.build/Objects-normal/arm64/e6072d4f65d7061329687fe24e3d63a7-common-args.resp -MMD -MT dependencies -MF /Users/runner/Library/Developer/Xcode/DerivedData/DeviceMaintenance-flyuwdobxekbtzdsqajzqyikscoo/Build/Intermediates.noindex/ArchiveIntermediates/DeviceMaintenance/IntermediateBuildFilesPath/Pods.build/Release-iphoneos/Pods-DeviceMaintenance.build/Objects-normal/arm64/Pods-DeviceMaintenance-dummy.d --serialize-diagnostics /Users/runner/Library/Developer/Xcode/DerivedData/DeviceMaintenance-flyuwdobxekbtzdsqajzqyikscoo/Build/Intermediates.noindex/ArchiveIntermediates/DeviceMaintenance/IntermediateBuildFilesPath/Pods.build/Release-iphoneos/Pods-DeviceMaintenance.build/Objects-normal/arm64/Pods-DeviceMaintenance-dummy.dia -c /Users/runner/work/Device_Maintenance/Device_Maintenance/Pods/Target\ Support\ Files/Pods-DeviceMaintenance/Pods-DeviceMaintenance-dummy.m -o /Users/runner/Library/Developer/Xcode/DerivedData/DeviceMaintenance-flyuwdobxekbtzdsqajzqyikscoo/Build/Intermediates.noindex/ArchiveIntermediates/DeviceMaintenance/IntermediateBuildFilesPath/Pods.build/Release-iphoneos/Pods-DeviceMaintenance.build/Objects-normal/arm64/Pods-DeviceMaintenance-dummy.o

PrecompileModule /Users/runner/Library/Developer/Xcode/DerivedData/DeviceMaintenance-flyuwdobxekbtzdsqajzqyikscoo/Build/Intermediates.noindex/ArchiveIntermediates/DeviceMaintenance/IntermediateBuildFilesPath/ExplicitPrecompiledModules/FileProvider-8RJTKFDGXVJWSQ0PW8638X94C.scan
    cd /Users/runner/work/Device_Maintenance/Device_Maintenance/Pods
    builtin-precompileModule /Users/runner/Library/Developer/Xcode/DerivedData/DeviceMaintenance-flyuwdobxekbtzdsqajzqyikscoo/Build/Intermediates.noindex/ArchiveIntermediates/DeviceMaintenance/IntermediateBuildFilesPath/ExplicitPrecompiledModules/FileProvider-8RJTKFDGXVJWSQ0PW8638X94C.scan

PrecompileModule /Users/runner/Library/Developer/Xcode/DerivedData/DeviceMaintenance-flyuwdobxekbtzdsqajzqyikscoo/Build/Intermediates.noindex/ArchiveIntermediates/DeviceMaintenance/IntermediateBuildFilesPath/ExplicitPrecompiledModules/Symbols-DD87T1RB2ZSWEAT3SAYP3FBWI.scan
    cd /Users/runner/work/Device_Maintenance/Device_Maintenance/Pods
    builtin-precompileModule /Users/runner/Library/Developer/Xcode/DerivedData/DeviceMaintenance-flyuwdobxekbtzdsqajzqyikscoo/Build/Intermediates.noindex/ArchiveIntermediates/DeviceMaintenance/IntermediateBuildFilesPath/ExplicitPrecompiledModules/Symbols-DD87T1RB2ZSWEAT3SAYP3FBWI.scan

PrecompileModule /Users/runner/Library/Developer/Xcode/DerivedData/DeviceMaintenance-flyuwdobxekbtzdsqajzqyikscoo/Build/Intermediates.noindex/ArchiveIntermediates/DeviceMaintenance/IntermediateBuildFilesPath/ExplicitPrecompiledModules/IOSurface-72T74EX1LWJ9SCA1Q4F6DC1TD.scan
    cd /Users/runner/work/Device_Maintenance/Device_Maintenance/Pods
    builtin-precompileModule /Users/runner/Library/Developer/Xcode/DerivedData/DeviceMaintenance-flyuwdobxekbtzdsqajzqyikscoo/Build/Intermediates.noindex/ArchiveIntermediates/DeviceMaintenance/IntermediateBuildFilesPath/ExplicitPrecompiledModules/IOSurface-72T74EX1LWJ9SCA1Q4F6DC1TD.scan

PrecompileModule /Users/runner/Library/Developer/Xcode/DerivedData/DeviceMaintenance-flyuwdobxekbtzdsqajzqyikscoo/Build/Intermediates.noindex/ArchiveIntermediates/DeviceMaintenance/IntermediateBuildFilesPath/ExplicitPrecompiledModules/UserNotifications-6RXQPQBFFWXCEYQHAGL9OIFXQ.scan
    cd /Users/runner/work/Device_Maintenance/Device_Maintenance/Pods
    builtin-precompileModule /Users/runner/Library/Developer/Xcode/DerivedData/DeviceMaintenance-flyuwdobxekbtzdsqajzqyikscoo/Build/Intermediates.noindex/ArchiveIntermediates/DeviceMaintenance/IntermediateBuildFilesPath/ExplicitPrecompiledModules/UserNotifications-6RXQPQBFFWXCEYQHAGL9OIFXQ.scan

PrecompileModule /Users/runner/Library/Developer/Xcode/DerivedData/DeviceMaintenance-flyuwdobxekbtzdsqajzqyikscoo/Build/Intermediates.noindex/ArchiveIntermediates/DeviceMaintenance/IntermediateBuildFilesPath/ExplicitPrecompiledModules/OpenGLES-96URM8IN1QTBXJDEV5BWK92AW.scan
    cd /Users/runner/work/Device_Maintenance/Device_Maintenance/Pods
    builtin-precompileModule /Users/runner/Library/Developer/Xcode/DerivedData/DeviceMaintenance-flyuwdobxekbtzdsqajzqyikscoo/Build/Intermediates.noindex/ArchiveIntermediates/DeviceMaintenance/IntermediateBuildFilesPath/ExplicitPrecompiledModules/OpenGLES-96URM8IN1QTBXJDEV5BWK92AW.scan

PrecompileModule /Users/runner/Library/Developer/Xcode/DerivedData/DeviceMaintenance-flyuwdobxekbtzdsqajzqyikscoo/Build/Intermediates.noindex/ArchiveIntermediates/DeviceMaintenance/IntermediateBuildFilesPath/ExplicitPrecompiledModules/Metal-CKAL28JI34QLSAE5EOZJ5LEAX.scan
    cd /Users/runner/work/Device_Maintenance/Device_Maintenance/Pods
    builtin-precompileModule /Users/runner/Library/Developer/Xcode/DerivedData/DeviceMaintenance-flyuwdobxekbtzdsqajzqyikscoo/Build/Intermediates.noindex/ArchiveIntermediates/DeviceMaintenance/IntermediateBuildFilesPath/ExplicitPrecompiledModules/Metal-CKAL28JI34QLSAE5EOZJ5LEAX.scan

PrecompileModule /Users/runner/Library/Developer/Xcode/DerivedData/DeviceMaintenance-flyuwdobxekbtzdsqajzqyikscoo/Build/Intermediates.noindex/ArchiveIntermediates/DeviceMaintenance/IntermediateBuildFilesPath/ExplicitPrecompiledModules/CoreVideo-BZ11UB5GUPQDUMT9PN7PDKWMP.scan
    cd /Users/runner/work/Device_Maintenance/Device_Maintenance/Pods
    builtin-precompileModule /Users/runner/Library/Developer/Xcode/DerivedData/DeviceMaintenance-flyuwdobxekbtzdsqajzqyikscoo/Build/Intermediates.noindex/ArchiveIntermediates/DeviceMaintenance/IntermediateBuildFilesPath/ExplicitPrecompiledModules/CoreVideo-BZ11UB5GUPQDUMT9PN7PDKWMP.scan

PrecompileModule /Users/runner/Library/Developer/Xcode/DerivedData/DeviceMaintenance-flyuwdobxekbtzdsqajzqyikscoo/Build/Intermediates.noindex/ArchiveIntermediates/DeviceMaintenance/IntermediateBuildFilesPath/ExplicitPrecompiledModules/CoreImage-4ENO9RX1Q2L5KMUOFH7NPO7TO.scan
    cd /Users/runner/work/Device_Maintenance/Device_Maintenance/Pods
    builtin-precompileModule /Users/runner/Library/Developer/Xcode/DerivedData/DeviceMaintenance-flyuwdobxekbtzdsqajzqyikscoo/Build/Intermediates.noindex/ArchiveIntermediates/DeviceMaintenance/IntermediateBuildFilesPath/ExplicitPrecompiledModules/CoreImage-4ENO9RX1Q2L5KMUOFH7NPO7TO.scan

PrecompileModule /Users/runner/Library/Developer/Xcode/DerivedData/DeviceMaintenance-flyuwdobxekbtzdsqajzqyikscoo/Build/Intermediates.noindex/ArchiveIntermediates/DeviceMaintenance/IntermediateBuildFilesPath/ExplicitPrecompiledModules/QuartzCore-BYLK1I8FGXYWQIQZF7Q5407TD.scan
    cd /Users/runner/work/Device_Maintenance/Device_Maintenance/Pods
    builtin-precompileModule /Users/runner/Library/Developer/Xcode/DerivedData/DeviceMaintenance-flyuwdobxekbtzdsqajzqyikscoo/Build/Intermediates.noindex/ArchiveIntermediates/DeviceMaintenance/IntermediateBuildFilesPath/ExplicitPrecompiledModules/QuartzCore-BYLK1I8FGXYWQIQZF7Q5407TD.scan

PrecompileModule /Users/runner/Library/Developer/Xcode/DerivedData/DeviceMaintenance-flyuwdobxekbtzdsqajzqyikscoo/Build/Intermediates.noindex/ArchiveIntermediates/DeviceMaintenance/IntermediateBuildFilesPath/ExplicitPrecompiledModules/UIKit-4LNUA870LTLT3KZPDKYPONRIK.scan
    cd /Users/runner/work/Device_Maintenance/Device_Maintenance/Pods
    builtin-precompileModule /Users/runner/Library/Developer/Xcode/DerivedData/DeviceMaintenance-flyuwdobxekbtzdsqajzqyikscoo/Build/Intermediates.noindex/ArchiveIntermediates/DeviceMaintenance/IntermediateBuildFilesPath/ExplicitPrecompiledModules/UIKit-4LNUA870LTLT3KZPDKYPONRIK.scan

CompileC /Users/runner/Library/Developer/Xcode/DerivedData/DeviceMaintenance-flyuwdobxekbtzdsqajzqyikscoo/Build/Intermediates.noindex/ArchiveIntermediates/DeviceMaintenance/IntermediateBuildFilesPath/Pods.build/Release-iphoneos/SubscriptionKit.build/Objects-normal/arm64/SubscriptionKit-dummy.o /Users/runner/work/Device_Maintenance/Device_Maintenance/Pods/Target\ Support\ Files/SubscriptionKit/SubscriptionKit-dummy.m normal arm64 objective-c com.apple.compilers.llvm.clang.1_0.compiler (in target 'SubscriptionKit' from project 'Pods')
    cd /Users/runner/work/Device_Maintenance/Device_Maintenance/Pods
    
    Using response file: /Users/runner/Library/Developer/Xcode/DerivedData/DeviceMaintenance-flyuwdobxekbtzdsqajzqyikscoo/Build/Intermediates.noindex/ArchiveIntermediates/DeviceMaintenance/IntermediateBuildFilesPath/Pods.build/Release-iphoneos/SubscriptionKit.build/Objects-normal/arm64/e6072d4f65d7061329687fe24e3d63a7-common-args.resp
    
    /Applications/Xcode_16.4.app/Contents/Developer/Toolchains/XcodeDefault.xctoolchain/usr/bin/clang -x objective-c -ivfsstatcache /Users/runner/Library/Developer/Xcode/DerivedData/SDKStatCaches.noindex/iphoneos18.5-22F76-a529daf784b3616c7c04a36aeb7f5c05.sdkstatcache -fmessage-length\=0 -fdiagnostics-show-note-include-stack -fmacro-backtrace-limit\=0 -fno-color-diagnostics -fmodules-prune-interval\=86400 -fmodules-prune-after\=345600 -fbuild-session-file\=/Users/runner/Library/Developer/Xcode/DerivedData/ModuleCache.noindex/Session.modulevalidation -fmodules-validate-once-per-build-session -Wnon-modular-include-in-framework-module -Werror\=non-modular-include-in-framework-module -Wno-trigraphs -Wno-missing-field-initializers -Wno-missing-prototypes -Werror\=return-type -Wdocumentation -Wunreachable-code -Wno-implicit-atomic-properties -Werror\=deprecated-objc-isa-usage -Wno-objc-interface-ivars -Werror\=objc-root-class -Wno-arc-repeated-use-of-weak -Wimplicit-retain-self -Wduplicate-method-match -Wno-missing-braces -Wparentheses -Wswitch -Wunused-function -Wno-unused-label -Wno-unused-parameter -Wunused-variable -Wunused-value -Wempty-body -Wuninitialized -Wconditional-uninitialized -Wno-unknown-pragmas -Wno-shadow -Wno-four-char-constants -Wno-conversion -Wconstant-conversion -Wint-conversion -Wbool-conversion -Wenum-conversion -Wno-float-conversion -Wnon-literal-null-conversion -Wobjc-literal-conversion -Wshorten-64-to-32 -Wpointer-sign -Wno-newline-eof -Wno-selector -Wno-strict-selector-match -Wundeclared-selector -Wdeprecated-implementations -Wno-implicit-fallthrough -fstrict-aliasing -Wprotocol -Wdeprecated-declarations -Wno-sign-conversion -Winfinite-recursion -Wcomma -Wblock-capture-autoreleasing -Wstrict-prototypes -Wno-semicolon-before-method-body -Wunguarded-availability @/Users/runner/Library/Developer/Xcode/DerivedData/DeviceMaintenance-flyuwdobxekbtzdsqajzqyikscoo/Build/Intermediates.noindex/ArchiveIntermediates/DeviceMaintenance/IntermediateBuildFilesPath/Pods.build/Release-iphoneos/SubscriptionKit.build/Objects-normal/arm64/e6072d4f65d7061329687fe24e3d63a7-common-args.resp -include /Users/runner/work/Device_Maintenance/Device_Maintenance/Pods/Target\ Support\ Files/SubscriptionKit/SubscriptionKit-prefix.pch -MMD -MT dependencies -MF /Users/runner/Library/Developer/Xcode/DerivedData/DeviceMaintenance-flyuwdobxekbtzdsqajzqyikscoo/Build/Intermediates.noindex/ArchiveIntermediates/DeviceMaintenance/IntermediateBuildFilesPath/Pods.build/Release-iphoneos/SubscriptionKit.build/Objects-normal/arm64/SubscriptionKit-dummy.d --serialize-diagnostics /Users/runner/Library/Developer/Xcode/DerivedData/DeviceMaintenance-flyuwdobxekbtzdsqajzqyikscoo/Build/Intermediates.noindex/ArchiveIntermediates/DeviceMaintenance/IntermediateBuildFilesPath/Pods.build/Release-iphoneos/SubscriptionKit.build/Objects-normal/arm64/SubscriptionKit-dummy.dia -c /Users/runner/work/Device_Maintenance/Device_Maintenance/Pods/Target\ Support\ Files/SubscriptionKit/SubscriptionKit-dummy.m -o /Users/runner/Library/Developer/Xcode/DerivedData/DeviceMaintenance-flyuwdobxekbtzdsqajzqyikscoo/Build/Intermediates.noindex/ArchiveIntermediates/DeviceMaintenance/IntermediateBuildFilesPath/Pods.build/Release-iphoneos/SubscriptionKit.build/Objects-normal/arm64/SubscriptionKit-dummy.o

Libtool /Users/runner/Library/Developer/Xcode/DerivedData/DeviceMaintenance-flyuwdobxekbtzdsqajzqyikscoo/Build/Intermediates.noindex/ArchiveIntermediates/DeviceMaintenance/IntermediateBuildFilesPath/UninstalledProducts/iphoneos/SubscriptionKit.framework/SubscriptionKit normal (in target 'SubscriptionKit' from project 'Pods')
    cd /Users/runner/work/Device_Maintenance/Device_Maintenance/Pods
    /Applications/Xcode_16.4.app/Contents/Developer/Toolchains/XcodeDefault.xctoolchain/usr/bin/libtool -static -arch_only arm64 -D -syslibroot /Applications/Xcode_16.4.app/Contents/Developer/Platforms/iPhoneOS.platform/Developer/SDKs/iPhoneOS18.5.sdk -L/Users/runner/Library/Developer/Xcode/DerivedData/DeviceMaintenance-flyuwdobxekbtzdsqajzqyikscoo/Build/Intermediates.noindex/ArchiveIntermediates/DeviceMaintenance/BuildProductsPath/Release-iphoneos/SubscriptionKit -filelist /Users/runner/Library/Developer/Xcode/DerivedData/DeviceMaintenance-flyuwdobxekbtzdsqajzqyikscoo/Build/Intermediates.noindex/ArchiveIntermediates/DeviceMaintenance/IntermediateBuildFilesPath/Pods.build/Release-iphoneos/SubscriptionKit.build/Objects-normal/arm64/SubscriptionKit.LinkFileList -framework Foundation -dependency_info /Users/runner/Library/Developer/Xcode/DerivedData/DeviceMaintenance-flyuwdobxekbtzdsqajzqyikscoo/Build/Intermediates.noindex/ArchiveIntermediates/DeviceMaintenance/IntermediateBuildFilesPath/Pods.build/Release-iphoneos/SubscriptionKit.build/Objects-normal/arm64/SubscriptionKit_libtool_dependency_info.dat -o /Users/runner/Library/Developer/Xcode/DerivedData/DeviceMaintenance-flyuwdobxekbtzdsqajzqyikscoo/Build/Intermediates.noindex/ArchiveIntermediates/DeviceMaintenance/IntermediateBuildFilesPath/UninstalledProducts/iphoneos/SubscriptionKit.framework/SubscriptionKit

ExtractAppIntentsMetadata (in target 'SubscriptionKit' from project 'Pods')
    cd /Users/runner/work/Device_Maintenance/Device_Maintenance/Pods
    /Applications/Xcode_16.4.app/Contents/Developer/Toolchains/XcodeDefault.xctoolchain/usr/bin/appintentsmetadataprocessor --toolchain-dir /Applications/Xcode_16.4.app/Contents/Developer/Toolchains/XcodeDefault.xctoolchain --module-name SubscriptionKit --sdk-root /Applications/Xcode_16.4.app/Contents/Developer/Platforms/iPhoneOS.platform/Developer/SDKs/iPhoneOS18.5.sdk --xcode-version 16F6 --platform-family iOS --deployment-target 15.0 --bundle-identifier com.yourcompany.subscriptionkit --output /Users/runner/Library/Developer/Xcode/DerivedData/DeviceMaintenance-flyuwdobxekbtzdsqajzqyikscoo/Build/Intermediates.noindex/ArchiveIntermediates/DeviceMaintenance/IntermediateBuildFilesPath/UninstalledProducts/iphoneos/SubscriptionKit.appintents --target-triple arm64-apple-ios15.0 --binary-file /Users/runner/Library/Developer/Xcode/DerivedData/DeviceMaintenance-flyuwdobxekbtzdsqajzqyikscoo/Build/Intermediates.noindex/ArchiveIntermediates/DeviceMaintenance/IntermediateBuildFilesPath/UninstalledProducts/iphoneos/SubscriptionKit.framework/SubscriptionKit --dependency-file /Users/runner/Library/Developer/Xcode/DerivedData/DeviceMaintenance-flyuwdobxekbtzdsqajzqyikscoo/Build/Intermediates.noindex/ArchiveIntermediates/DeviceMaintenance/IntermediateBuildFilesPath/Pods.build/Release-iphoneos/SubscriptionKit.build/Objects-normal/arm64/SubscriptionKit_libtool_dependency_info.dat --stringsdata-file /Users/runner/Library/Developer/Xcode/DerivedData/DeviceMaintenance-flyuwdobxekbtzdsqajzqyikscoo/Build/Intermediates.noindex/ArchiveIntermediates/DeviceMaintenance/IntermediateBuildFilesPath/Pods.build/Release-iphoneos/SubscriptionKit.build/Objects-normal/arm64/ExtractedAppShortcutsMetadata.stringsdata --source-file-list /Users/runner/Library/Developer/Xcode/DerivedData/DeviceMaintenance-flyuwdobxekbtzdsqajzqyikscoo/Build/Intermediates.noindex/ArchiveIntermediates/DeviceMaintenance/IntermediateBuildFilesPath/Pods.build/Release-iphoneos/SubscriptionKit.build/Objects-normal/arm64/SubscriptionKit.SwiftFileList --metadata-file-list /Users/runner/Library/Developer/Xcode/DerivedData/DeviceMaintenance-flyuwdobxekbtzdsqajzqyikscoo/Build/Intermediates.noindex/ArchiveIntermediates/DeviceMaintenance/IntermediateBuildFilesPath/Pods.build/Release-iphoneos/SubscriptionKit.build/SubscriptionKit.DependencyMetadataFileList --static-metadata-file-list /Users/runner/Library/Developer/Xcode/DerivedData/DeviceMaintenance-flyuwdobxekbtzdsqajzqyikscoo/Build/Intermediates.noindex/ArchiveIntermediates/DeviceMaintenance/IntermediateBuildFilesPath/Pods.build/Release-iphoneos/SubscriptionKit.build/SubscriptionKit.DependencyStaticMetadataFileList --swift-const-vals-list /Users/runner/Library/Developer/Xcode/DerivedData/DeviceMaintenance-flyuwdobxekbtzdsqajzqyikscoo/Build/Intermediates.noindex/ArchiveIntermediates/DeviceMaintenance/IntermediateBuildFilesPath/Pods.build/Release-iphoneos/SubscriptionKit.build/Objects-normal/arm64/SubscriptionKit.SwiftConstValuesFileList --force --compile-time-extraction --deployment-aware-processing --validate-assistant-intents --no-app-shortcuts-localization
2026-03-25 21:19:33.375 appintentsmetadataprocessor[3016:13129] Starting appintentsmetadataprocessor export
2026-03-25 21:19:33.421 appintentsmetadataprocessor[3016:13129] Extracted no relevant App Intents symbols, skipping writing output

SetOwnerAndGroup runner:staff /Users/runner/Library/Developer/Xcode/DerivedData/DeviceMaintenance-flyuwdobxekbtzdsqajzqyikscoo/Build/Intermediates.noindex/ArchiveIntermediates/DeviceMaintenance/IntermediateBuildFilesPath/UninstalledProducts/iphoneos/SubscriptionKit.framework (in target 'SubscriptionKit' from project 'Pods')
    cd /Users/runner/work/Device_Maintenance/Device_Maintenance/Pods
    /usr/sbin/chown -RH runner:staff /Users/runner/Library/Developer/Xcode/DerivedData/DeviceMaintenance-flyuwdobxekbtzdsqajzqyikscoo/Build/Intermediates.noindex/ArchiveIntermediates/DeviceMaintenance/IntermediateBuildFilesPath/UninstalledProducts/iphoneos/SubscriptionKit.framework

SetMode u+w,go-w,a+rX /Users/runner/Library/Developer/Xcode/DerivedData/DeviceMaintenance-flyuwdobxekbtzdsqajzqyikscoo/Build/Intermediates.noindex/ArchiveIntermediates/DeviceMaintenance/IntermediateBuildFilesPath/UninstalledProducts/iphoneos/SubscriptionKit.framework (in target 'SubscriptionKit' from project 'Pods')
    cd /Users/runner/work/Device_Maintenance/Device_Maintenance/Pods
    /bin/chmod -RH u+w,go-w,a+rX /Users/runner/Library/Developer/Xcode/DerivedData/DeviceMaintenance-flyuwdobxekbtzdsqajzqyikscoo/Build/Intermediates.noindex/ArchiveIntermediates/DeviceMaintenance/IntermediateBuildFilesPath/UninstalledProducts/iphoneos/SubscriptionKit.framework

RegisterExecutionPolicyException /Users/runner/Library/Developer/Xcode/DerivedData/DeviceMaintenance-flyuwdobxekbtzdsqajzqyikscoo/Build/Intermediates.noindex/ArchiveIntermediates/DeviceMaintenance/IntermediateBuildFilesPath/UninstalledProducts/iphoneos/SubscriptionKit.framework (in target 'SubscriptionKit' from project 'Pods')
    cd /Users/runner/work/Device_Maintenance/Device_Maintenance/Pods
    builtin-RegisterExecutionPolicyException /Users/runner/Library/Developer/Xcode/DerivedData/DeviceMaintenance-flyuwdobxekbtzdsqajzqyikscoo/Build/Intermediates.noindex/ArchiveIntermediates/DeviceMaintenance/IntermediateBuildFilesPath/UninstalledProducts/iphoneos/SubscriptionKit.framework

Touch /Users/runner/Library/Developer/Xcode/DerivedData/DeviceMaintenance-flyuwdobxekbtzdsqajzqyikscoo/Build/Intermediates.noindex/ArchiveIntermediates/DeviceMaintenance/IntermediateBuildFilesPath/UninstalledProducts/iphoneos/SubscriptionKit.framework (in target 'SubscriptionKit' from project 'Pods')
    cd /Users/runner/work/Device_Maintenance/Device_Maintenance/Pods
    /usr/bin/touch -c /Users/runner/Library/Developer/Xcode/DerivedData/DeviceMaintenance-flyuwdobxekbtzdsqajzqyikscoo/Build/Intermediates.noindex/ArchiveIntermediates/DeviceMaintenance/IntermediateBuildFilesPath/UninstalledProducts/iphoneos/SubscriptionKit.framework

Libtool /Users/runner/Library/Developer/Xcode/DerivedData/DeviceMaintenance-flyuwdobxekbtzdsqajzqyikscoo/Build/Intermediates.noindex/ArchiveIntermediates/DeviceMaintenance/IntermediateBuildFilesPath/UninstalledProducts/iphoneos/Pods_DeviceMaintenance.framework/Pods_DeviceMaintenance normal (in target 'Pods-DeviceMaintenance' from project 'Pods')
    cd /Users/runner/work/Device_Maintenance/Device_Maintenance/Pods
    /Applications/Xcode_16.4.app/Contents/Developer/Toolchains/XcodeDefault.xctoolchain/usr/bin/libtool -static -arch_only arm64 -D -syslibroot /Applications/Xcode_16.4.app/Contents/Developer/Platforms/iPhoneOS.platform/Developer/SDKs/iPhoneOS18.5.sdk -L/Users/runner/Library/Developer/Xcode/DerivedData/DeviceMaintenance-flyuwdobxekbtzdsqajzqyikscoo/Build/Intermediates.noindex/ArchiveIntermediates/DeviceMaintenance/BuildProductsPath/Release-iphoneos -L/Applications/Xcode_16.4.app/Contents/Developer/Toolchains/XcodeDefault.xctoolchain/usr/lib/swift/iphoneos -L/Applications/Xcode_16.4.app/Contents/Developer/Platforms/iPhoneOS.platform/Developer/SDKs/iPhoneOS18.5.sdk/usr/lib/swift -filelist /Users/runner/Library/Developer/Xcode/DerivedData/DeviceMaintenance-flyuwdobxekbtzdsqajzqyikscoo/Build/Intermediates.noindex/ArchiveIntermediates/DeviceMaintenance/IntermediateBuildFilesPath/Pods.build/Release-iphoneos/Pods-DeviceMaintenance.build/Objects-normal/arm64/Pods_DeviceMaintenance.LinkFileList -framework Foundation -dependency_info /Users/runner/Library/Developer/Xcode/DerivedData/DeviceMaintenance-flyuwdobxekbtzdsqajzqyikscoo/Build/Intermediates.noindex/ArchiveIntermediates/DeviceMaintenance/IntermediateBuildFilesPath/Pods.build/Release-iphoneos/Pods-DeviceMaintenance.build/Objects-normal/arm64/Pods_DeviceMaintenance_libtool_dependency_info.dat -o /Users/runner/Library/Developer/Xcode/DerivedData/DeviceMaintenance-flyuwdobxekbtzdsqajzqyikscoo/Build/Intermediates.noindex/ArchiveIntermediates/DeviceMaintenance/IntermediateBuildFilesPath/UninstalledProducts/iphoneos/Pods_DeviceMaintenance.framework/Pods_DeviceMaintenance

ProcessInfoPlistFile /Users/runner/Library/Developer/Xcode/DerivedData/DeviceMaintenance-flyuwdobxekbtzdsqajzqyikscoo/Build/Intermediates.noindex/ArchiveIntermediates/DeviceMaintenance/IntermediateBuildFilesPath/UninstalledProducts/iphoneos/Pods_DeviceMaintenance.framework/Info.plist /Users/runner/work/Device_Maintenance/Device_Maintenance/Pods/Target\ Support\ Files/Pods-DeviceMaintenance/Pods-DeviceMaintenance-Info.plist (in target 'Pods-DeviceMaintenance' from project 'Pods')
    cd /Users/runner/work/Device_Maintenance/Device_Maintenance/Pods
    builtin-infoPlistUtility /Users/runner/work/Device_Maintenance/Device_Maintenance/Pods/Target\ Support\ Files/Pods-DeviceMaintenance/Pods-DeviceMaintenance-Info.plist -producttype com.apple.product-type.framework -expandbuildsettings -format binary -platform iphoneos -requiredArchitecture arm64 -o /Users/runner/Library/Developer/Xcode/DerivedData/DeviceMaintenance-flyuwdobxekbtzdsqajzqyikscoo/Build/Intermediates.noindex/ArchiveIntermediates/DeviceMaintenance/IntermediateBuildFilesPath/UninstalledProducts/iphoneos/Pods_DeviceMaintenance.framework/Info.plist

SetOwnerAndGroup runner:staff /Users/runner/Library/Developer/Xcode/DerivedData/DeviceMaintenance-flyuwdobxekbtzdsqajzqyikscoo/Build/Intermediates.noindex/ArchiveIntermediates/DeviceMaintenance/IntermediateBuildFilesPath/UninstalledProducts/iphoneos/Pods_DeviceMaintenance.framework (in target 'Pods-DeviceMaintenance' from project 'Pods')
    cd /Users/runner/work/Device_Maintenance/Device_Maintenance/Pods
    /usr/sbin/chown -RH runner:staff /Users/runner/Library/Developer/Xcode/DerivedData/DeviceMaintenance-flyuwdobxekbtzdsqajzqyikscoo/Build/Intermediates.noindex/ArchiveIntermediates/DeviceMaintenance/IntermediateBuildFilesPath/UninstalledProducts/iphoneos/Pods_DeviceMaintenance.framework

SetMode u+w,go-w,a+rX /Users/runner/Library/Developer/Xcode/DerivedData/DeviceMaintenance-flyuwdobxekbtzdsqajzqyikscoo/Build/Intermediates.noindex/ArchiveIntermediates/DeviceMaintenance/IntermediateBuildFilesPath/UninstalledProducts/iphoneos/Pods_DeviceMaintenance.framework (in target 'Pods-DeviceMaintenance' from project 'Pods')
    cd /Users/runner/work/Device_Maintenance/Device_Maintenance/Pods
    /bin/chmod -RH u+w,go-w,a+rX /Users/runner/Library/Developer/Xcode/DerivedData/DeviceMaintenance-flyuwdobxekbtzdsqajzqyikscoo/Build/Intermediates.noindex/ArchiveIntermediates/DeviceMaintenance/IntermediateBuildFilesPath/UninstalledProducts/iphoneos/Pods_DeviceMaintenance.framework

RegisterExecutionPolicyException /Users/runner/Library/Developer/Xcode/DerivedData/DeviceMaintenance-flyuwdobxekbtzdsqajzqyikscoo/Build/Intermediates.noindex/ArchiveIntermediates/DeviceMaintenance/IntermediateBuildFilesPath/UninstalledProducts/iphoneos/Pods_DeviceMaintenance.framework (in target 'Pods-DeviceMaintenance' from project 'Pods')
    cd /Users/runner/work/Device_Maintenance/Device_Maintenance/Pods
    builtin-RegisterExecutionPolicyException /Users/runner/Library/Developer/Xcode/DerivedData/DeviceMaintenance-flyuwdobxekbtzdsqajzqyikscoo/Build/Intermediates.noindex/ArchiveIntermediates/DeviceMaintenance/IntermediateBuildFilesPath/UninstalledProducts/iphoneos/Pods_DeviceMaintenance.framework

Touch /Users/runner/Library/Developer/Xcode/DerivedData/DeviceMaintenance-flyuwdobxekbtzdsqajzqyikscoo/Build/Intermediates.noindex/ArchiveIntermediates/DeviceMaintenance/IntermediateBuildFilesPath/UninstalledProducts/iphoneos/Pods_DeviceMaintenance.framework (in target 'Pods-DeviceMaintenance' from project 'Pods')
    cd /Users/runner/work/Device_Maintenance/Device_Maintenance/Pods
    /usr/bin/touch -c /Users/runner/Library/Developer/Xcode/DerivedData/DeviceMaintenance-flyuwdobxekbtzdsqajzqyikscoo/Build/Intermediates.noindex/ArchiveIntermediates/DeviceMaintenance/IntermediateBuildFilesPath/UninstalledProducts/iphoneos/Pods_DeviceMaintenance.framework

PhaseScriptExecution [CP]\ Check\ Pods\ Manifest.lock /Users/runner/Library/Developer/Xcode/DerivedData/DeviceMaintenance-flyuwdobxekbtzdsqajzqyikscoo/Build/Intermediates.noindex/ArchiveIntermediates/DeviceMaintenance/IntermediateBuildFilesPath/DeviceMaintenance.build/Release-iphoneos/DeviceMaintenance.build/Script-9F89D6856053FE49AD25DDA0.sh (in target 'DeviceMaintenance' from project 'DeviceMaintenance')
    cd /Users/runner/work/Device_Maintenance/Device_Maintenance
    /bin/sh -c /Users/runner/Library/Developer/Xcode/DerivedData/DeviceMaintenance-flyuwdobxekbtzdsqajzqyikscoo/Build/Intermediates.noindex/ArchiveIntermediates/DeviceMaintenance/IntermediateBuildFilesPath/DeviceMaintenance.build/Release-iphoneos/DeviceMaintenance.build/Script-9F89D6856053FE49AD25DDA0.sh

MkDir /Users/runner/Library/Developer/Xcode/DerivedData/DeviceMaintenance-flyuwdobxekbtzdsqajzqyikscoo/Build/Intermediates.noindex/ArchiveIntermediates/DeviceMaintenance/IntermediateBuildFilesPath/DeviceMaintenance.build/Release-iphoneos/DeviceMaintenance.build/assetcatalog_output/unthinned (in target 'DeviceMaintenance' from project 'DeviceMaintenance')
    cd /Users/runner/work/Device_Maintenance/Device_Maintenance
    /bin/mkdir -p /Users/runner/Library/Developer/Xcode/DerivedData/DeviceMaintenance-flyuwdobxekbtzdsqajzqyikscoo/Build/Intermediates.noindex/ArchiveIntermediates/DeviceMaintenance/IntermediateBuildFilesPath/DeviceMaintenance.build/Release-iphoneos/DeviceMaintenance.build/assetcatalog_output/unthinned

MkDir /Users/runner/Library/Developer/Xcode/DerivedData/DeviceMaintenance-flyuwdobxekbtzdsqajzqyikscoo/Build/Intermediates.noindex/ArchiveIntermediates/DeviceMaintenance/IntermediateBuildFilesPath/DeviceMaintenance.build/Release-iphoneos/DeviceMaintenance.build/assetcatalog_output/thinned (in target 'DeviceMaintenance' from project 'DeviceMaintenance')
    cd /Users/runner/work/Device_Maintenance/Device_Maintenance
    /bin/mkdir -p /Users/runner/Library/Developer/Xcode/DerivedData/DeviceMaintenance-flyuwdobxekbtzdsqajzqyikscoo/Build/Intermediates.noindex/ArchiveIntermediates/DeviceMaintenance/IntermediateBuildFilesPath/DeviceMaintenance.build/Release-iphoneos/DeviceMaintenance.build/assetcatalog_output/thinned

GenerateAssetSymbols /Users/runner/work/Device_Maintenance/Device_Maintenance/DeviceMaintenance/Resources/Assets.xcassets (in target 'DeviceMaintenance' from project 'DeviceMaintenance')
    cd /Users/runner/work/Device_Maintenance/Device_Maintenance
    /Applications/Xcode_16.4.app/Contents/Developer/usr/bin/actool /Users/runner/work/Device_Maintenance/Device_Maintenance/DeviceMaintenance/Resources/Assets.xcassets --compile /Users/runner/Library/Developer/Xcode/DerivedData/DeviceMaintenance-flyuwdobxekbtzdsqajzqyikscoo/Build/Intermediates.noindex/ArchiveIntermediates/DeviceMaintenance/InstallationBuildProductsLocation/Applications/DeviceMaintenance.app --output-format human-readable-text --notices --warnings --export-dependency-info /Users/runner/Library/Developer/Xcode/DerivedData/DeviceMaintenance-flyuwdobxekbtzdsqajzqyikscoo/Build/Intermediates.noindex/ArchiveIntermediates/DeviceMaintenance/IntermediateBuildFilesPath/DeviceMaintenance.build/Release-iphoneos/DeviceMaintenance.build/assetcatalog_dependencies --output-partial-info-plist /Users/runner/Library/Developer/Xcode/DerivedData/DeviceMaintenance-flyuwdobxekbtzdsqajzqyikscoo/Build/Intermediates.noindex/ArchiveIntermediates/DeviceMaintenance/IntermediateBuildFilesPath/DeviceMaintenance.build/Release-iphoneos/DeviceMaintenance.build/assetcatalog_generated_info.plist --app-icon AppIcon --compress-pngs --enable-on-demand-resources YES --development-region en --target-device iphone --minimum-deployment-target 16.0 --platform iphoneos --bundle-identifier com.maintenance.abkhasian.ablach --generate-swift-asset-symbol-extensions NO --generate-swift-asset-symbols /Users/runner/Library/Developer/Xcode/DerivedData/DeviceMaintenance-flyuwdobxekbtzdsqajzqyikscoo/Build/Intermediates.noindex/ArchiveIntermediates/DeviceMaintenance/IntermediateBuildFilesPath/DeviceMaintenance.build/Release-iphoneos/DeviceMaintenance.build/DerivedSources/GeneratedAssetSymbols.swift --generate-objc-asset-symbols /Users/runner/Library/Developer/Xcode/DerivedData/DeviceMaintenance-flyuwdobxekbtzdsqajzqyikscoo/Build/Intermediates.noindex/ArchiveIntermediates/DeviceMaintenance/IntermediateBuildFilesPath/DeviceMaintenance.build/Release-iphoneos/DeviceMaintenance.build/DerivedSources/GeneratedAssetSymbols.h --generate-asset-symbol-index /Users/runner/Library/Developer/Xcode/DerivedData/DeviceMaintenance-flyuwdobxekbtzdsqajzqyikscoo/Build/Intermediates.noindex/ArchiveIntermediates/DeviceMaintenance/IntermediateBuildFilesPath/DeviceMaintenance.build/Release-iphoneos/DeviceMaintenance.build/DerivedSources/GeneratedAssetSymbols-Index.plist
/* com.apple.actool.document.warnings */
/Users/runner/work/Device_Maintenance/Device_Maintenance/DeviceMaintenance/Resources/Assets.xcassets:./AppIcon.appiconset/[ios][universal][1024x1024][][][][][][][]: warning: AppIcon.appiconset/AppIcon.png is 1005x1005 but should be 1024x1024.
/* com.apple.actool.compilation-results */
/Users/runner/Library/Developer/Xcode/DerivedData/DeviceMaintenance-flyuwdobxekbtzdsqajzqyikscoo/Build/Intermediates.noindex/ArchiveIntermediates/DeviceMaintenance/IntermediateBuildFilesPath/DeviceMaintenance.build/Release-iphoneos/DeviceMaintenance.build/DerivedSources/GeneratedAssetSymbols-Index.plist
/Users/runner/Library/Developer/Xcode/DerivedData/DeviceMaintenance-flyuwdobxekbtzdsqajzqyikscoo/Build/Intermediates.noindex/ArchiveIntermediates/DeviceMaintenance/IntermediateBuildFilesPath/DeviceMaintenance.build/Release-iphoneos/DeviceMaintenance.build/DerivedSources/GeneratedAssetSymbols.h
/Users/runner/Library/Developer/Xcode/DerivedData/DeviceMaintenance-flyuwdobxekbtzdsqajzqyikscoo/Build/Intermediates.noindex/ArchiveIntermediates/DeviceMaintenance/IntermediateBuildFilesPath/DeviceMaintenance.build/Release-iphoneos/DeviceMaintenance.build/DerivedSources/GeneratedAssetSymbols.swift


CopyStringsFile /Users/runner/Library/Developer/Xcode/DerivedData/DeviceMaintenance-flyuwdobxekbtzdsqajzqyikscoo/Build/Intermediates.noindex/ArchiveIntermediates/DeviceMaintenance/InstallationBuildProductsLocation/Applications/DeviceMaintenance.app/zh-Hans.lproj/Localizable.strings /Users/runner/work/Device_Maintenance/Device_Maintenance/DeviceMaintenance/zh-Hans.lproj/Localizable.strings (in target 'DeviceMaintenance' from project 'DeviceMaintenance')
    cd /Users/runner/work/Device_Maintenance/Device_Maintenance
    builtin-copyStrings --validate --outputencoding binary --outfilename Localizable.strings --outdir /Users/runner/Library/Developer/Xcode/DerivedData/DeviceMaintenance-flyuwdobxekbtzdsqajzqyikscoo/Build/Intermediates.noindex/ArchiveIntermediates/DeviceMaintenance/InstallationBuildProductsLocation/Applications/DeviceMaintenance.app/zh-Hans.lproj -- /Users/runner/work/Device_Maintenance/Device_Maintenance/DeviceMaintenance/zh-Hans.lproj/Localizable.strings
/Users/runner/work/Device_Maintenance/Device_Maintenance/DeviceMaintenance/zh-Hans.lproj/Localizable.strings:1:1: note: detected encoding of input file as Unicode (UTF-8) (in target 'DeviceMaintenance' from project 'DeviceMaintenance')

CopyStringsFile /Users/runner/Library/Developer/Xcode/DerivedData/DeviceMaintenance-flyuwdobxekbtzdsqajzqyikscoo/Build/Intermediates.noindex/ArchiveIntermediates/DeviceMaintenance/InstallationBuildProductsLocation/Applications/DeviceMaintenance.app/zh-Hans.lproj/InfoPlist.strings /Users/runner/work/Device_Maintenance/Device_Maintenance/DeviceMaintenance/zh-Hans.lproj/InfoPlist.strings (in target 'DeviceMaintenance' from project 'DeviceMaintenance')
    cd /Users/runner/work/Device_Maintenance/Device_Maintenance
    builtin-copyStrings --validate --outputencoding binary --outfilename InfoPlist.strings --outdir /Users/runner/Library/Developer/Xcode/DerivedData/DeviceMaintenance-flyuwdobxekbtzdsqajzqyikscoo/Build/Intermediates.noindex/ArchiveIntermediates/DeviceMaintenance/InstallationBuildProductsLocation/Applications/DeviceMaintenance.app/zh-Hans.lproj -- /Users/runner/work/Device_Maintenance/Device_Maintenance/DeviceMaintenance/zh-Hans.lproj/InfoPlist.strings
/Users/runner/work/Device_Maintenance/Device_Maintenance/DeviceMaintenance/zh-Hans.lproj/InfoPlist.strings:1:1: note: detected encoding of input file as Unicode (UTF-8) (in target 'DeviceMaintenance' from project 'DeviceMaintenance')

CopyStringsFile /Users/runner/Library/Developer/Xcode/DerivedData/DeviceMaintenance-flyuwdobxekbtzdsqajzqyikscoo/Build/Intermediates.noindex/ArchiveIntermediates/DeviceMaintenance/InstallationBuildProductsLocation/Applications/DeviceMaintenance.app/en.lproj/Localizable.strings /Users/runner/work/Device_Maintenance/Device_Maintenance/DeviceMaintenance/en.lproj/Localizable.strings (in target 'DeviceMaintenance' from project 'DeviceMaintenance')
    cd /Users/runner/work/Device_Maintenance/Device_Maintenance
    builtin-copyStrings --validate --outputencoding binary --outfilename Localizable.strings --outdir /Users/runner/Library/Developer/Xcode/DerivedData/DeviceMaintenance-flyuwdobxekbtzdsqajzqyikscoo/Build/Intermediates.noindex/ArchiveIntermediates/DeviceMaintenance/InstallationBuildProductsLocation/Applications/DeviceMaintenance.app/en.lproj -- /Users/runner/work/Device_Maintenance/Device_Maintenance/DeviceMaintenance/en.lproj/Localizable.strings
/Users/runner/work/Device_Maintenance/Device_Maintenance/DeviceMaintenance/en.lproj/Localizable.strings:1:1: note: detected encoding of input file as Unicode (UTF-8) (in target 'DeviceMaintenance' from project 'DeviceMaintenance')

CopyStringsFile /Users/runner/Library/Developer/Xcode/DerivedData/DeviceMaintenance-flyuwdobxekbtzdsqajzqyikscoo/Build/Intermediates.noindex/ArchiveIntermediates/DeviceMaintenance/InstallationBuildProductsLocation/Applications/DeviceMaintenance.app/en.lproj/InfoPlist.strings /Users/runner/work/Device_Maintenance/Device_Maintenance/DeviceMaintenance/en.lproj/InfoPlist.strings (in target 'DeviceMaintenance' from project 'DeviceMaintenance')
    cd /Users/runner/work/Device_Maintenance/Device_Maintenance
    builtin-copyStrings --validate --outputencoding binary --outfilename InfoPlist.strings --outdir /Users/runner/Library/Developer/Xcode/DerivedData/DeviceMaintenance-flyuwdobxekbtzdsqajzqyikscoo/Build/Intermediates.noindex/ArchiveIntermediates/DeviceMaintenance/InstallationBuildProductsLocation/Applications/DeviceMaintenance.app/en.lproj -- /Users/runner/work/Device_Maintenance/Device_Maintenance/DeviceMaintenance/en.lproj/InfoPlist.strings
/Users/runner/work/Device_Maintenance/Device_Maintenance/DeviceMaintenance/en.lproj/InfoPlist.strings:1:1: note: detected encoding of input file as Unicode (UTF-8) (in target 'DeviceMaintenance' from project 'DeviceMaintenance')

CompileAssetCatalogVariant thinned /Users/runner/Library/Developer/Xcode/DerivedData/DeviceMaintenance-flyuwdobxekbtzdsqajzqyikscoo/Build/Intermediates.noindex/ArchiveIntermediates/DeviceMaintenance/InstallationBuildProductsLocation/Applications/DeviceMaintenance.app /Users/runner/work/Device_Maintenance/Device_Maintenance/DeviceMaintenance/Resources/Assets.xcassets (in target 'DeviceMaintenance' from project 'DeviceMaintenance')
    cd /Users/runner/work/Device_Maintenance/Device_Maintenance
    /Applications/Xcode_16.4.app/Contents/Developer/usr/bin/actool /Users/runner/work/Device_Maintenance/Device_Maintenance/DeviceMaintenance/Resources/Assets.xcassets --compile /Users/runner/Library/Developer/Xcode/DerivedData/DeviceMaintenance-flyuwdobxekbtzdsqajzqyikscoo/Build/Intermediates.noindex/ArchiveIntermediates/DeviceMaintenance/IntermediateBuildFilesPath/DeviceMaintenance.build/Release-iphoneos/DeviceMaintenance.build/assetcatalog_output/thinned --output-format human-readable-text --notices --warnings --export-dependency-info /Users/runner/Library/Developer/Xcode/DerivedData/DeviceMaintenance-flyuwdobxekbtzdsqajzqyikscoo/Build/Intermediates.noindex/ArchiveIntermediates/DeviceMaintenance/IntermediateBuildFilesPath/DeviceMaintenance.build/Release-iphoneos/DeviceMaintenance.build/assetcatalog_dependencies_thinned --output-partial-info-plist /Users/runner/Library/Developer/Xcode/DerivedData/DeviceMaintenance-flyuwdobxekbtzdsqajzqyikscoo/Build/Intermediates.noindex/ArchiveIntermediates/DeviceMaintenance/IntermediateBuildFilesPath/DeviceMaintenance.build/Release-iphoneos/DeviceMaintenance.build/assetcatalog_generated_info.plist_thinned --app-icon AppIcon --compress-pngs --enable-on-demand-resources YES --development-region en --target-device iphone --minimum-deployment-target 16.0 --platform iphoneos
/* com.apple.actool.errors */
/Users/runner/work/Device_Maintenance/Device_Maintenance/DeviceMaintenance/Resources/Assets.xcassets: error: The stickers icon set or app icon set named "AppIcon" did not have any applicable content.
/* com.apple.actool.document.warnings */
/Users/runner/work/Device_Maintenance/Device_Maintenance/DeviceMaintenance/Resources/Assets.xcassets:./AppIcon.appiconset/[ios][universal][1024x1024][][][][][][][]: warning: AppIcon.appiconset/AppIcon.png is 1005x1005 but should be 1024x1024.
/* com.apple.actool.compilation-results */
/Users/runner/Library/Developer/Xcode/DerivedData/DeviceMaintenance-flyuwdobxekbtzdsqajzqyikscoo/Build/Intermediates.noindex/ArchiveIntermediates/DeviceMaintenance/IntermediateBuildFilesPath/DeviceMaintenance.build/Release-iphoneos/DeviceMaintenance.build/assetcatalog_generated_info.plist_thinned
/Users/runner/Library/Developer/Xcode/DerivedData/DeviceMaintenance-flyuwdobxekbtzdsqajzqyikscoo/Build/Intermediates.noindex/ArchiveIntermediates/DeviceMaintenance/IntermediateBuildFilesPath/DeviceMaintenance.build/Release-iphoneos/DeviceMaintenance.build/assetcatalog_output/thinned/Assets.car


SwiftDriver DeviceMaintenance normal arm64 com.apple.xcode.tools.swift.compiler (in target 'DeviceMaintenance' from project 'DeviceMaintenance')
    cd /Users/runner/work/Device_Maintenance/Device_Maintenance
    builtin-SwiftDriver -- /Applications/Xcode_16.4.app/Contents/Developer/Toolchains/XcodeDefault.xctoolchain/usr/bin/swiftc -module-name DeviceMaintenance -O -whole-module-optimization -enforce-exclusivity\=checked @/Users/runner/Library/Developer/Xcode/DerivedData/DeviceMaintenance-flyuwdobxekbtzdsqajzqyikscoo/Build/Intermediates.noindex/ArchiveIntermediates/DeviceMaintenance/IntermediateBuildFilesPath/DeviceMaintenance.build/Release-iphoneos/DeviceMaintenance.build/Objects-normal/arm64/DeviceMaintenance.SwiftFileList -D COCOAPODS -enable-bare-slash-regex -enable-experimental-feature DebugDescriptionMacro -sdk /Applications/Xcode_16.4.app/Contents/Developer/Platforms/iPhoneOS.platform/Developer/SDKs/iPhoneOS18.5.sdk -target arm64-apple-ios16.0 -g -module-cache-path /Users/runner/Library/Developer/Xcode/DerivedData/ModuleCache.noindex -Xfrontend -serialize-debugging-options -swift-version 5 -I /Users/runner/Library/Developer/Xcode/DerivedData/DeviceMaintenance-flyuwdobxekbtzdsqajzqyikscoo/Build/Intermediates.noindex/ArchiveIntermediates/DeviceMaintenance/BuildProductsPath/Release-iphoneos -F /Users/runner/Library/Developer/Xcode/DerivedData/DeviceMaintenance-flyuwdobxekbtzdsqajzqyikscoo/Build/Intermediates.noindex/ArchiveIntermediates/DeviceMaintenance/BuildProductsPath/Release-iphoneos -F /Users/runner/Library/Developer/Xcode/DerivedData/DeviceMaintenance-flyuwdobxekbtzdsqajzqyikscoo/Build/Intermediates.noindex/ArchiveIntermediates/DeviceMaintenance/BuildProductsPath/Release-iphoneos/SubscriptionKit -F /Users/runner/work/Device_Maintenance/Device_Maintenance/Pods/UMAPM/UMAPM_2.0.7 -F /Users/runner/work/Device_Maintenance/Device_Maintenance/Pods/UMCommon/UMCommon_7.5.8 -F /Users/runner/work/Device_Maintenance/Device_Maintenance/Pods/UMDevice/UMDevice_3.5.0 -F /Users/runner/Library/Developer/Xcode/DerivedData/DeviceMaintenance-flyuwdobxekbtzdsqajzqyikscoo/Build/Intermediates.noindex/ArchiveIntermediates/DeviceMaintenance/BuildProductsPath/Release-iphoneos/XCFrameworkIntermediates/UMAPM -F /Users/runner/Library/Developer/Xcode/DerivedData/DeviceMaintenance-flyuwdobxekbtzdsqajzqyikscoo/Build/Intermediates.noindex/ArchiveIntermediates/DeviceMaintenance/BuildProductsPath/Release-iphoneos/XCFrameworkIntermediates/UMCommon -F /Users/runner/Library/Developer/Xcode/DerivedData/DeviceMaintenance-flyuwdobxekbtzdsqajzqyikscoo/Build/Intermediates.noindex/ArchiveIntermediates/DeviceMaintenance/BuildProductsPath/Release-iphoneos/XCFrameworkIntermediates/UMDevice -c -num-threads 3 -Xcc -ivfsstatcache -Xcc /Users/runner/Library/Developer/Xcode/DerivedData/SDKStatCaches.noindex/iphoneos18.5-22F76-a529daf784b3616c7c04a36aeb7f5c05.sdkstatcache -output-file-map /Users/runner/Library/Developer/Xcode/DerivedData/DeviceMaintenance-flyuwdobxekbtzdsqajzqyikscoo/Build/Intermediates.noindex/ArchiveIntermediates/DeviceMaintenance/IntermediateBuildFilesPath/DeviceMaintenance.build/Release-iphoneos/DeviceMaintenance.build/Objects-normal/arm64/DeviceMaintenance-OutputFileMap.json -use-frontend-parseable-output -save-temps -no-color-diagnostics -serialize-diagnostics -emit-dependencies -emit-module -emit-module-path /Users/runner/Library/Developer/Xcode/DerivedData/DeviceMaintenance-flyuwdobxekbtzdsqajzqyikscoo/Build/Intermediates.noindex/ArchiveIntermediates/DeviceMaintenance/IntermediateBuildFilesPath/DeviceMaintenance.build/Release-iphoneos/DeviceMaintenance.build/Objects-normal/arm64/DeviceMaintenance.swiftmodule -validate-clang-modules-once -clang-build-session-file /Users/runner/Library/Developer/Xcode/DerivedData/ModuleCache.noindex/Session.modulevalidation -Xcc -I/Users/runner/Library/Developer/Xcode/DerivedData/DeviceMaintenance-flyuwdobxekbtzdsqajzqyikscoo/Build/Intermediates.noindex/ArchiveIntermediates/DeviceMaintenance/IntermediateBuildFilesPath/DeviceMaintenance.build/Release-iphoneos/DeviceMaintenance.build/swift-overrides.hmap -emit-const-values -Xfrontend -const-gather-protocols-file -Xfrontend /Users/runner/Library/Developer/Xcode/DerivedData/DeviceMaintenance-flyuwdobxekbtzdsqajzqyikscoo/Build/Intermediates.noindex/ArchiveIntermediates/DeviceMaintenance/IntermediateBuildFilesPath/DeviceMaintenance.build/Release-iphoneos/DeviceMaintenance.build/Objects-normal/arm64/DeviceMaintenance_const_extract_protocols.json -Xcc -iquote -Xcc /Users/runner/Library/Developer/Xcode/DerivedData/DeviceMaintenance-flyuwdobxekbtzdsqajzqyikscoo/Build/Intermediates.noindex/ArchiveIntermediates/DeviceMaintenance/IntermediateBuildFilesPath/DeviceMaintenance.build/Release-iphoneos/DeviceMaintenance.build/DeviceMaintenance-generated-files.hmap -Xcc -I/Users/runner/Library/Developer/Xcode/DerivedData/DeviceMaintenance-flyuwdobxekbtzdsqajzqyikscoo/Build/Intermediates.noindex/ArchiveIntermediates/DeviceMaintenance/IntermediateBuildFilesPath/DeviceMaintenance.build/Release-iphoneos/DeviceMaintenance.build/DeviceMaintenance-own-target-headers.hmap -Xcc -I/Users/runner/Library/Developer/Xcode/DerivedData/DeviceMaintenance-flyuwdobxekbtzdsqajzqyikscoo/Build/Intermediates.noindex/ArchiveIntermediates/DeviceMaintenance/IntermediateBuildFilesPath/DeviceMaintenance.build/Release-iphoneos/DeviceMaintenance.build/DeviceMaintenance-all-non-framework-target-headers.hmap -Xcc -ivfsoverlay -Xcc /Users/runner/Library/Developer/Xcode/DerivedData/DeviceMaintenance-flyuwdobxekbtzdsqajzqyikscoo/Build/Intermediates.noindex/ArchiveIntermediates/DeviceMaintenance/IntermediateBuildFilesPath/DeviceMaintenance.build/Release-iphoneos/DeviceMaintenance-5f39169e26405a4d1fa8d7f3dee036d5-VFS-iphoneos/all-product-headers.yaml -Xcc -iquote -Xcc /Users/runner/Library/Developer/Xcode/DerivedData/DeviceMaintenance-flyuwdobxekbtzdsqajzqyikscoo/Build/Intermediates.noindex/ArchiveIntermediates/DeviceMaintenance/IntermediateBuildFilesPath/DeviceMaintenance.build/Release-iphoneos/DeviceMaintenance.build/DeviceMaintenance-project-headers.hmap -Xcc -I/Users/runner/Library/Developer/Xcode/DerivedData/DeviceMaintenance-flyuwdobxekbtzdsqajzqyikscoo/Build/Intermediates.noindex/ArchiveIntermediates/DeviceMaintenance/BuildProductsPath/Release-iphoneos/include -Xcc -I/Users/runner/Library/Developer/Xcode/DerivedData/DeviceMaintenance-flyuwdobxekbtzdsqajzqyikscoo/Build/Intermediates.noindex/ArchiveIntermediates/DeviceMaintenance/BuildProductsPath/Release-iphoneos/SubscriptionKit/SubscriptionKit.framework/Headers -Xcc -I/Users/runner/Library/Developer/Xcode/DerivedData/DeviceMaintenance-flyuwdobxekbtzdsqajzqyikscoo/Build/Intermediates.noindex/ArchiveIntermediates/DeviceMaintenance/IntermediateBuildFilesPath/DeviceMaintenance.build/Release-iphoneos/DeviceMaintenance.build/DerivedSources-normal/arm64 -Xcc -I/Users/runner/Library/Developer/Xcode/DerivedData/DeviceMaintenance-flyuwdobxekbtzdsqajzqyikscoo/Build/Intermediates.noindex/ArchiveIntermediates/DeviceMaintenance/IntermediateBuildFilesPath/DeviceMaintenance.build/Release-iphoneos/DeviceMaintenance.build/DerivedSources/arm64 -Xcc -I/Users/runner/Library/Developer/Xcode/DerivedData/DeviceMaintenance-flyuwdobxekbtzdsqajzqyikscoo/Build/Intermediates.noindex/ArchiveIntermediates/DeviceMaintenance/IntermediateBuildFilesPath/DeviceMaintenance.build/Release-iphoneos/DeviceMaintenance.build/DerivedSources -Xcc -DCOCOAPODS\=1 -emit-objc-header -emit-objc-header-path /Users/runner/Library/Developer/Xcode/DerivedData/DeviceMaintenance-flyuwdobxekbtzdsqajzqyikscoo/Build/Intermediates.noindex/ArchiveIntermediates/DeviceMaintenance/IntermediateBuildFilesPath/DeviceMaintenance.build/Release-iphoneos/DeviceMaintenance.build/Objects-normal/arm64/DeviceMaintenance-Swift.h -working-directory /Users/runner/work/Device_Maintenance/Device_Maintenance -no-emit-module-separately-wmo

SwiftDriver\ Compilation DeviceMaintenance normal arm64 com.apple.xcode.tools.swift.compiler (in target 'DeviceMaintenance' from project 'DeviceMaintenance')
    cd /Users/runner/work/Device_Maintenance/Device_Maintenance
    builtin-Swift-Compilation -- /Applications/Xcode_16.4.app/Contents/Developer/Toolchains/XcodeDefault.xctoolchain/usr/bin/swiftc -module-name DeviceMaintenance -O -whole-module-optimization -enforce-exclusivity\=checked @/Users/runner/Library/Developer/Xcode/DerivedData/DeviceMaintenance-flyuwdobxekbtzdsqajzqyikscoo/Build/Intermediates.noindex/ArchiveIntermediates/DeviceMaintenance/IntermediateBuildFilesPath/DeviceMaintenance.build/Release-iphoneos/DeviceMaintenance.build/Objects-normal/arm64/DeviceMaintenance.SwiftFileList -D COCOAPODS -enable-bare-slash-regex -enable-experimental-feature DebugDescriptionMacro -sdk /Applications/Xcode_16.4.app/Contents/Developer/Platforms/iPhoneOS.platform/Developer/SDKs/iPhoneOS18.5.sdk -target arm64-apple-ios16.0 -g -module-cache-path /Users/runner/Library/Developer/Xcode/DerivedData/ModuleCache.noindex -Xfrontend -serialize-debugging-options -swift-version 5 -I /Users/runner/Library/Developer/Xcode/DerivedData/DeviceMaintenance-flyuwdobxekbtzdsqajzqyikscoo/Build/Intermediates.noindex/ArchiveIntermediates/DeviceMaintenance/BuildProductsPath/Release-iphoneos -F /Users/runner/Library/Developer/Xcode/DerivedData/DeviceMaintenance-flyuwdobxekbtzdsqajzqyikscoo/Build/Intermediates.noindex/ArchiveIntermediates/DeviceMaintenance/BuildProductsPath/Release-iphoneos -F /Users/runner/Library/Developer/Xcode/DerivedData/DeviceMaintenance-flyuwdobxekbtzdsqajzqyikscoo/Build/Intermediates.noindex/ArchiveIntermediates/DeviceMaintenance/BuildProductsPath/Release-iphoneos/SubscriptionKit -F /Users/runner/work/Device_Maintenance/Device_Maintenance/Pods/UMAPM/UMAPM_2.0.7 -F /Users/runner/work/Device_Maintenance/Device_Maintenance/Pods/UMCommon/UMCommon_7.5.8 -F /Users/runner/work/Device_Maintenance/Device_Maintenance/Pods/UMDevice/UMDevice_3.5.0 -F /Users/runner/Library/Developer/Xcode/DerivedData/DeviceMaintenance-flyuwdobxekbtzdsqajzqyikscoo/Build/Intermediates.noindex/ArchiveIntermediates/DeviceMaintenance/BuildProductsPath/Release-iphoneos/XCFrameworkIntermediates/UMAPM -F /Users/runner/Library/Developer/Xcode/DerivedData/DeviceMaintenance-flyuwdobxekbtzdsqajzqyikscoo/Build/Intermediates.noindex/ArchiveIntermediates/DeviceMaintenance/BuildProductsPath/Release-iphoneos/XCFrameworkIntermediates/UMCommon -F /Users/runner/Library/Developer/Xcode/DerivedData/DeviceMaintenance-flyuwdobxekbtzdsqajzqyikscoo/Build/Intermediates.noindex/ArchiveIntermediates/DeviceMaintenance/BuildProductsPath/Release-iphoneos/XCFrameworkIntermediates/UMDevice -c -num-threads 3 -Xcc -ivfsstatcache -Xcc /Users/runner/Library/Developer/Xcode/DerivedData/SDKStatCaches.noindex/iphoneos18.5-22F76-a529daf784b3616c7c04a36aeb7f5c05.sdkstatcache -output-file-map /Users/runner/Library/Developer/Xcode/DerivedData/DeviceMaintenance-flyuwdobxekbtzdsqajzqyikscoo/Build/Intermediates.noindex/ArchiveIntermediates/DeviceMaintenance/IntermediateBuildFilesPath/DeviceMaintenance.build/Release-iphoneos/DeviceMaintenance.build/Objects-normal/arm64/DeviceMaintenance-OutputFileMap.json -use-frontend-parseable-output -save-temps -no-color-diagnostics -serialize-diagnostics -emit-dependencies -emit-module -emit-module-path /Users/runner/Library/Developer/Xcode/DerivedData/DeviceMaintenance-flyuwdobxekbtzdsqajzqyikscoo/Build/Intermediates.noindex/ArchiveIntermediates/DeviceMaintenance/IntermediateBuildFilesPath/DeviceMaintenance.build/Release-iphoneos/DeviceMaintenance.build/Objects-normal/arm64/DeviceMaintenance.swiftmodule -validate-clang-modules-once -clang-build-session-file /Users/runner/Library/Developer/Xcode/DerivedData/ModuleCache.noindex/Session.modulevalidation -Xcc -I/Users/runner/Library/Developer/Xcode/DerivedData/DeviceMaintenance-flyuwdobxekbtzdsqajzqyikscoo/Build/Intermediates.noindex/ArchiveIntermediates/DeviceMaintenance/IntermediateBuildFilesPath/DeviceMaintenance.build/Release-iphoneos/DeviceMaintenance.build/swift-overrides.hmap -emit-const-values -Xfrontend -const-gather-protocols-file -Xfrontend /Users/runner/Library/Developer/Xcode/DerivedData/DeviceMaintenance-flyuwdobxekbtzdsqajzqyikscoo/Build/Intermediates.noindex/ArchiveIntermediates/DeviceMaintenance/IntermediateBuildFilesPath/DeviceMaintenance.build/Release-iphoneos/DeviceMaintenance.build/Objects-normal/arm64/DeviceMaintenance_const_extract_protocols.json -Xcc -iquote -Xcc /Users/runner/Library/Developer/Xcode/DerivedData/DeviceMaintenance-flyuwdobxekbtzdsqajzqyikscoo/Build/Intermediates.noindex/ArchiveIntermediates/DeviceMaintenance/IntermediateBuildFilesPath/DeviceMaintenance.build/Release-iphoneos/DeviceMaintenance.build/DeviceMaintenance-generated-files.hmap -Xcc -I/Users/runner/Library/Developer/Xcode/DerivedData/DeviceMaintenance-flyuwdobxekbtzdsqajzqyikscoo/Build/Intermediates.noindex/ArchiveIntermediates/DeviceMaintenance/IntermediateBuildFilesPath/DeviceMaintenance.build/Release-iphoneos/DeviceMaintenance.build/DeviceMaintenance-own-target-headers.hmap -Xcc -I/Users/runner/Library/Developer/Xcode/DerivedData/DeviceMaintenance-flyuwdobxekbtzdsqajzqyikscoo/Build/Intermediates.noindex/ArchiveIntermediates/DeviceMaintenance/IntermediateBuildFilesPath/DeviceMaintenance.build/Release-iphoneos/DeviceMaintenance.build/DeviceMaintenance-all-non-framework-target-headers.hmap -Xcc -ivfsoverlay -Xcc /Users/runner/Library/Developer/Xcode/DerivedData/DeviceMaintenance-flyuwdobxekbtzdsqajzqyikscoo/Build/Intermediates.noindex/ArchiveIntermediates/DeviceMaintenance/IntermediateBuildFilesPath/DeviceMaintenance.build/Release-iphoneos/DeviceMaintenance-5f39169e26405a4d1fa8d7f3dee036d5-VFS-iphoneos/all-product-headers.yaml -Xcc -iquote -Xcc /Users/runner/Library/Developer/Xcode/DerivedData/DeviceMaintenance-flyuwdobxekbtzdsqajzqyikscoo/Build/Intermediates.noindex/ArchiveIntermediates/DeviceMaintenance/IntermediateBuildFilesPath/DeviceMaintenance.build/Release-iphoneos/DeviceMaintenance.build/DeviceMaintenance-project-headers.hmap -Xcc -I/Users/runner/Library/Developer/Xcode/DerivedData/DeviceMaintenance-flyuwdobxekbtzdsqajzqyikscoo/Build/Intermediates.noindex/ArchiveIntermediates/DeviceMaintenance/BuildProductsPath/Release-iphoneos/include -Xcc -I/Users/runner/Library/Developer/Xcode/DerivedData/DeviceMaintenance-flyuwdobxekbtzdsqajzqyikscoo/Build/Intermediates.noindex/ArchiveIntermediates/DeviceMaintenance/BuildProductsPath/Release-iphoneos/SubscriptionKit/SubscriptionKit.framework/Headers -Xcc -I/Users/runner/Library/Developer/Xcode/DerivedData/DeviceMaintenance-flyuwdobxekbtzdsqajzqyikscoo/Build/Intermediates.noindex/ArchiveIntermediates/DeviceMaintenance/IntermediateBuildFilesPath/DeviceMaintenance.build/Release-iphoneos/DeviceMaintenance.build/DerivedSources-normal/arm64 -Xcc -I/Users/runner/Library/Developer/Xcode/DerivedData/DeviceMaintenance-flyuwdobxekbtzdsqajzqyikscoo/Build/Intermediates.noindex/ArchiveIntermediates/DeviceMaintenance/IntermediateBuildFilesPath/DeviceMaintenance.build/Release-iphoneos/DeviceMaintenance.build/DerivedSources/arm64 -Xcc -I/Users/runner/Library/Developer/Xcode/DerivedData/DeviceMaintenance-flyuwdobxekbtzdsqajzqyikscoo/Build/Intermediates.noindex/ArchiveIntermediates/DeviceMaintenance/IntermediateBuildFilesPath/DeviceMaintenance.build/Release-iphoneos/DeviceMaintenance.build/DerivedSources -Xcc -DCOCOAPODS\=1 -emit-objc-header -emit-objc-header-path /Users/runner/Library/Developer/Xcode/DerivedData/DeviceMaintenance-flyuwdobxekbtzdsqajzqyikscoo/Build/Intermediates.noindex/ArchiveIntermediates/DeviceMaintenance/IntermediateBuildFilesPath/DeviceMaintenance.build/Release-iphoneos/DeviceMaintenance.build/Objects-normal/arm64/DeviceMaintenance-Swift.h -working-directory /Users/runner/work/Device_Maintenance/Device_Maintenance -no-emit-module-separately-wmo

SwiftCompile normal arm64 Compiling\ AboutScreen.swift,\ ActivityLogService.swift,\ ActivityScreen.swift,\ AppConfig.swift,\ AppConstants.swift,\ AppMain.swift,\ AppRouter.swift,\ BatteryService.swift,\ CacheScreen.swift,\ ChargingRitualScreen.swift,\ ContentView.swift,\ DataModels.swift,\ DeviceStorageService.swift,\ DuplicatesScreen.swift,\ EmotionalSettingsScreen.swift,\ FileScanService.swift,\ FlightPrepScreen.swift,\ FocusModeScreen.swift,\ LargeFilesScreen.swift,\ LibraryScreen.swift,\ NotificationService.swift,\ OnboardingScreen.swift,\ PaywallScreen.swift,\ PermissionService.swift,\ PermissionsScreen.swift,\ PrimaryButton.swift,\ PrivacySecurityScreen.swift,\ QuickActionCard.swift,\ RecycleBinScreen.swift,\ RecycleBinService.swift,\ ScanCompleteScreen.swift,\ ScanResultsScreen.swift,\ ScanningScreen.swift,\ ScreenshotManagerScreen.swift,\ ScreenshotService.swift,\ SectionCard.swift,\ SettingsRow.swift,\ SettingsScreen.swift,\ SleepModeScreen.swift,\ StorageDashboardScreen.swift,\ ToolkitScreen.swift,\ UserPreferencesService.swift,\ View+Ext.swift,\ GeneratedAssetSymbols.swift /Users/runner/work/Device_Maintenance/Device_Maintenance/DeviceMaintenance/Screens/About/AboutScreen.swift /Users/runner/work/Device_Maintenance/Device_Maintenance/DeviceMaintenance/DataLayer/Services/ActivityLogService.swift /Users/runner/work/Device_Maintenance/Device_Maintenance/DeviceMaintenance/Screens/Activity/ActivityScreen.swift /Users/runner/work/Device_Maintenance/Device_Maintenance/DeviceMaintenance/Application/AppConfig.swift /Users/runner/work/Device_Maintenance/Device_Maintenance/DeviceMaintenance/Support/AppConstants.swift /Users/runner/work/Device_Maintenance/Device_Maintenance/DeviceMaintenance/Application/AppMain.swift /Users/runner/work/Device_Maintenance/Device_Maintenance/DeviceMaintenance/Application/AppRouter.swift /Users/runner/work/Device_Maintenance/Device_Maintenance/DeviceMaintenance/DataLayer/Services/BatteryService.swift /Users/runner/work/Device_Maintenance/Device_Maintenance/DeviceMaintenance/Screens/Cache/CacheScreen.swift /Users/runner/work/Device_Maintenance/Device_Maintenance/DeviceMaintenance/Screens/ChargingRitual/ChargingRitualScreen.swift /Users/runner/work/Device_Maintenance/Device_Maintenance/DeviceMaintenance/Application/ContentView.swift /Users/runner/work/Device_Maintenance/Device_Maintenance/DeviceMaintenance/DataLayer/Models/DataModels.swift /Users/runner/work/Device_Maintenance/Device_Maintenance/DeviceMaintenance/DataLayer/Services/DeviceStorageService.swift /Users/runner/work/Device_Maintenance/Device_Maintenance/DeviceMaintenance/Screens/Duplicates/DuplicatesScreen.swift /Users/runner/work/Device_Maintenance/Device_Maintenance/DeviceMaintenance/Screens/EmotionalSettings/EmotionalSettingsScreen.swift /Users/runner/work/Device_Maintenance/Device_Maintenance/DeviceMaintenance/DataLayer/Services/FileScanService.swift /Users/runner/work/Device_Maintenance/Device_Maintenance/DeviceMaintenance/Screens/FlightPrep/FlightPrepScreen.swift /Users/runner/work/Device_Maintenance/Device_Maintenance/DeviceMaintenance/Screens/FocusMode/FocusModeScreen.swift /Users/runner/work/Device_Maintenance/Device_Maintenance/DeviceMaintenance/Screens/LargeFiles/LargeFilesScreen.swift /Users/runner/work/Device_Maintenance/Device_Maintenance/DeviceMaintenance/Screens/Library/LibraryScreen.swift /Users/runner/work/Device_Maintenance/Device_Maintenance/DeviceMaintenance/DataLayer/Services/NotificationService.swift /Users/runner/work/Device_Maintenance/Device_Maintenance/DeviceMaintenance/Screens/Onboarding/OnboardingScreen.swift /Users/runner/work/Device_Maintenance/Device_Maintenance/DeviceMaintenance/Screens/Paywall/PaywallScreen.swift /Users/runner/work/Device_Maintenance/Device_Maintenance/DeviceMaintenance/DataLayer/Services/PermissionService.swift /Users/runner/work/Device_Maintenance/Device_Maintenance/DeviceMaintenance/Screens/Permissions/PermissionsScreen.swift /Users/runner/work/Device_Maintenance/Device_Maintenance/DeviceMaintenance/CommonUI/PrimaryButton.swift /Users/runner/work/Device_Maintenance/Device_Maintenance/DeviceMaintenance/Screens/PrivacySecurity/PrivacySecurityScreen.swift /Users/runner/work/Device_Maintenance/Device_Maintenance/DeviceMaintenance/CommonUI/QuickActionCard.swift /Users/runner/work/Device_Maintenance/Device_Maintenance/DeviceMaintenance/Screens/RecycleBin/RecycleBinScreen.swift /Users/runner/work/Device_Maintenance/Device_Maintenance/DeviceMaintenance/DataLayer/Services/RecycleBinService.swift /Users/runner/work/Device_Maintenance/Device_Maintenance/DeviceMaintenance/Screens/Scan/ScanCompleteScreen.swift /Users/runner/work/Device_Maintenance/Device_Maintenance/DeviceMaintenance/Screens/Scan/ScanResultsScreen.swift /Users/runner/work/Device_Maintenance/Device_Maintenance/DeviceMaintenance/Screens/Scan/ScanningScreen.swift /Users/runner/work/Device_Maintenance/Device_Maintenance/DeviceMaintenance/Screens/ScreenshotManager/ScreenshotManagerScreen.swift /Users/runner/work/Device_Maintenance/Device_Maintenance/DeviceMaintenance/DataLayer/Services/ScreenshotService.swift /Users/runner/work/Device_Maintenance/Device_Maintenance/DeviceMaintenance/CommonUI/SectionCard.swift /Users/runner/work/Device_Maintenance/Device_Maintenance/DeviceMaintenance/CommonUI/SettingsRow.swift /Users/runner/work/Device_Maintenance/Device_Maintenance/DeviceMaintenance/Screens/Settings/SettingsScreen.swift /Users/runner/work/Device_Maintenance/Device_Maintenance/DeviceMaintenance/Screens/SleepMode/SleepModeScreen.swift /Users/runner/work/Device_Maintenance/Device_Maintenance/DeviceMaintenance/Screens/StorageDashboard/StorageDashboardScreen.swift /Users/runner/work/Device_Maintenance/Device_Maintenance/DeviceMaintenance/Screens/Toolkit/ToolkitScreen.swift /Users/runner/work/Device_Maintenance/Device_Maintenance/DeviceMaintenance/DataLayer/Services/UserPreferencesService.swift /Users/runner/work/Device_Maintenance/Device_Maintenance/DeviceMaintenance/Support/Extensions/View+Ext.swift /Users/runner/Library/Developer/Xcode/DerivedData/DeviceMaintenance-flyuwdobxekbtzdsqajzqyikscoo/Build/Intermediates.noindex/ArchiveIntermediates/DeviceMaintenance/IntermediateBuildFilesPath/DeviceMaintenance.build/Release-iphoneos/DeviceMaintenance.build/DerivedSources/GeneratedAssetSymbols.swift (in target 'DeviceMaintenance' from project 'DeviceMaintenance')
CompileSwift normal arm64 (in target 'DeviceMaintenance' from project 'DeviceMaintenance')
    cd /Users/runner/work/Device_Maintenance/Device_Maintenance
    

/Users/runner/work/Device_Maintenance/Device_Maintenance/Pods/Pods.xcodeproj: warning: The iOS deployment target 'IPHONEOS_DEPLOYMENT_TARGET' is set to 9.0, but the range of supported deployment target versions is 12.0 to 18.5.99. (in target 'UMDevice' from project 'Pods')
note: Disabling previews because SWIFT_VERSION is set and SWIFT_OPTIMIZATION_LEVEL=-O, expected -Onone (in target 'UMDevice' from project 'Pods')
/Users/runner/work/Device_Maintenance/Device_Maintenance/Pods/Pods.xcodeproj: warning: The iOS deployment target 'IPHONEOS_DEPLOYMENT_TARGET' is set to 9.0, but the range of supported deployment target versions is 12.0 to 18.5.99. (in target 'UMCommon' from project 'Pods')
note: Disabling previews because SWIFT_VERSION is set and SWIFT_OPTIMIZATION_LEVEL=-O, expected -Onone (in target 'UMCommon' from project 'Pods')
/Users/runner/work/Device_Maintenance/Device_Maintenance/Pods/Pods.xcodeproj: warning: The iOS deployment target 'IPHONEOS_DEPLOYMENT_TARGET' is set to 9.0, but the range of supported deployment target versions is 12.0 to 18.5.99. (in target 'UMAPM' from project 'Pods')
note: Disabling previews because SWIFT_VERSION is set and SWIFT_OPTIMIZATION_LEVEL=-O, expected -Onone (in target 'UMAPM' from project 'Pods')
note: Disabling previews because SWIFT_VERSION is set and SWIFT_OPTIMIZATION_LEVEL=-O, expected -Onone (in target 'Pods-DeviceMaintenance' from project 'Pods')
note: Disabling previews because SWIFT_VERSION is set and SWIFT_OPTIMIZATION_LEVEL=-O, expected -Onone (in target 'DeviceMaintenance' from project 'DeviceMaintenance')
note: Disabling previews because SWIFT_VERSION is set and SWIFT_OPTIMIZATION_LEVEL=-O, expected -Onone (in target 'SubscriptionKit' from project 'Pods')
** ARCHIVE FAILED **


The following build commands failed:
	CompileAssetCatalogVariant thinned /Users/runner/Library/Developer/Xcode/DerivedData/DeviceMaintenance-flyuwdobxekbtzdsqajzqyikscoo/Build/Intermediates.noindex/ArchiveIntermediates/DeviceMaintenance/InstallationBuildProductsLocation/Applications/DeviceMaintenance.app /Users/runner/work/Device_Maintenance/Device_Maintenance/DeviceMaintenance/Resources/Assets.xcassets (in target 'DeviceMaintenance' from project 'DeviceMaintenance')
	Archiving workspace DeviceMaintenance with scheme DeviceMaintenance
(2 failures)
